Title,URL,Upload Date,View Count,Duration (s),Description
아이돌이 노력으로 '안 된다는 영역',https://www.youtube.com/shorts/hp-UdyHg5YE,2025-11-12,8642431,20,#shorts #아이돌 #txt #투바투 #엔믹스 #배이
아이돌이 '72시간' 무수면이면 생기는 일,https://www.youtube.com/shorts/WveMCAYabc0,2025-12-29,7274614,29,#shorts #아이돌 #여자아이돌 #남자아이돌 #아이브 #에스파 #아일릿 #트와이스
도플갱어를 만난 로제 반응,https://www.youtube.com/shorts/YuzR2UJxqVo,2025-03-29,5905171,27,#로제 #블랙핑크 #rose #제니 #shorts #아이돌 #여자아이돌
전부 가짜였던 아이돌 '광고 소품들',https://www.youtube.com/shorts/cPCq9JN6Jbg,2025-05-30,5255483,31,#shorts #아이돌 #소품 #카리나 #에스파 #아이브 #장원영 #프로미스나인 #백지헌 #엠제이드
아이돌들이 메이크업보다 신경쓰는 '이것',https://www.youtube.com/shorts/F2wu3yUUtNI,2025-05-27,4962765,41,#shorts #메이크업 #아이브 #아이돌 #에스파 #츄 #클렌징 #대성 #빅뱅 #이사배 #풍자
SM이 포기해도 할 말 없는 아이돌,https://www.youtube.com/shorts/9yOLaJT5QfA,2025-03-10,4944431,47,#슈퍼주니어 #은혁 #동해 #희철 #신동 #려욱 #SM #시원 #재계약 #아이돌
'종현 목소리' 들은 샤이니 멤버들 반응,https://www.youtube.com/shorts/Hf3yVvDSGYU,2025-06-26,4941484,28,#shorts #종현 #샤이니 #키 #온유 #민호 #태민 #shinee
아이돌이 먹는 광고 음식의 진실,https://www.youtube.com/shorts/efhqS5yqrPI,2025-03-25,4889325,32,#카리나 #shorts #음식 #아이돌 #에스파 #장원영 #ive #아이브 #먹방
사실 가짜였던 장원영 광고의 비밀,https://www.youtube.com/shorts/4ikQUAj2c98,2025-05-22,4517267,30,#shorts #장원영 #ive #아이브 #광고 #안유진 #리즈 #가을 #이서 #레이
테디가 올데프한테만 허락해준 ‘이것’,https://www.youtube.com/shorts/_bBCsynVSQA,2025-07-06,4329299,29,#테디 #올데프 #올데이프로젝트 #yg #더블랙레이블 #아이돌
SM이 요즘 꽂혔다는 '아이돌 얼굴상',https://www.youtube.com/shorts/Tze5UBbohTk,2025-11-11,4210266,20,#shorts #SM #아이돌 #외모 #나이비스 #하츠투하츠 #하투하 #지우 #카리나
워터밤으로 떡상한 여돌이 '사라진 이유',https://www.youtube.com/shorts/PBcIE93WOPU,2026-01-11,3971157,34,#shorts #시그니처 #아이돌 #지원 #밴드 #qwer #이달의소녀 #레이턴시
일반인이 아이돌 코앞에서 봐도 모르는 이유,https://www.youtube.com/shorts/Gh4A6Cr_Hsw,2025-12-22,3789085,29,#shorts #남자아이돌 #여자아이돌 #아이돌 #엔믹스 #설윤 #에스파 #카리나 #윈터 #에이티즈 #산
고연차 아이돌만 할 수 있는 행동,https://www.youtube.com/shorts/F-mSlcvX9MU,2025-03-09,3337549,39,#세븐틴 #호시 #seventeen #bts #rm #제이홉 #방시혁 #방탄소년단 #하이브 #hybe
이사배도 가장 힘들었던 아이돌?,https://www.youtube.com/shorts/FQ1di6EgqJk,2025-10-04,3306393,28,#shorts #이사배 #메이크업 #아이돌 #버추얼
엠넷에서 1시간만에 삭제된  '르세라핌 영상',https://www.youtube.com/shorts/4U4H3cMcg0Y,2025-07-10,3292768,24,#shorts #엠넷 #르세라핌 #lesserafim #아이돌
GD가 카리나 논란 잠재운 방법,https://www.youtube.com/shorts/28jFIcM-Jwo,2025-03-29,3276956,28,#지드래곤 #GD #지디 #gdragon #카리나 #에스파 #aespa #아이돌
자폐 스펙트럼 아이를 만난 '아이돌 행동',https://www.youtube.com/shorts/oyPwl_jLwc8,2025-05-31,3175873,33,#shorts #피프티피프티 #fiftyfifty #자폐 #아이돌 #선물 #피프티 #코디
성격 차이 보인다는 카리나vs윈터 행동들,https://www.youtube.com/shorts/XTY3DE6En60,2025-09-13,3157849,39,#shorts #카리나 #윈터 #아이돌 #에스파 #aespa
SM에서 '손 놓아버린' 여자 아이돌,https://www.youtube.com/shorts/46QF5K7YF9o,2025-11-11,3048908,31,#shorts #SM #아이돌 #하츠투하츠 #하투하 #이안
음악방송 PD들이 '벼르고 있는' 아이돌들,https://www.youtube.com/shorts/bPuIf17vAkY,2025-10-30,2803254,33,#shorts #아이돌 #음악방송 #음악중심 #인기가요 #뮤직뱅크 #nmixx #엔믹스 #다영
에스파 때문에 힘들어진 SM 연습생들,https://www.youtube.com/shorts/YN3n33-ZejY,2025-05-01,2753050,39,#shorts #에스파 #연습생 #카리나 #sm #닝닝 #지젤 #윈터 #아이돌
성형외과 수준이라는 '이사배 아이돌 메이크업',https://www.youtube.com/shorts/XwDojZVWRf0,2025-09-16,2736251,27,#shorts #아이돌 #몬스타엑스 #스키즈 #skz #필릭스 #원희 #아일릿 #투바투 #엔믹스
충격적인 카리나 협박 사건,https://www.youtube.com/shorts/do3Ms6RZU5g,2025-04-01,2603991,42,#에스파 #카리나 #aespa #윈터 #sm #여자아이돌 #아이돌 #shorts
일반인이 노력해도 아이돌처럼 안 되는 이유,https://www.youtube.com/shorts/uqDIFG2Kevg,2025-04-17,2563426,29,#아이돌 #메이크업 #에스파 #아이브 #카리나 #장원영 #shorts #블랙핑크 #로제 #제니
충격적인 QWER 일본 현지 반응,https://www.youtube.com/shorts/rHy_tkTmuO4,2025-04-13,2461205,35,#QWER #쵸단 #마젠타 #히나 #냥뇽녕냥 #김계란 #이시연 #밴드 #걸밴드 #shorts #아이돌
4대 기획사 과거vs현재 건물 비교,https://www.youtube.com/shorts/XY2VPFSUVQ4,2025-03-16,2452117,19,#기획사 #소속사 #하이브 #sm #jyp #yg #hybe #빅히트 #bts #빅뱅 #아이돌
성형으로 절대 '만들 수 없는' 여돌 얼굴,https://www.youtube.com/shorts/CrYVF3UY5sk,2026-01-10,2448756,29,#shorts #남자아이돌 #여자아이돌 #아이돌 #이나경 #프로미스나인 #프미나 #프나 #백지헌 #이채영 #백지헌 #성형 #성형외과
JYP가 설윤에게만 내린 특이한 금지사항,https://www.youtube.com/shorts/A9LrZhlnw1A,2025-07-20,2423417,43,#shorts #jyp #설윤 #nmixx #엔믹스 #아이돌
전소연보다 많이 번 '아이들 멤버',https://www.youtube.com/shorts/aocSmW6lu2s,2025-06-18,2420757,30,#shorts #전소연 #아이들 #전소연 #우기 #슈화 #미연 #민니 #아이돌 #큐브
아이돌 순간포착 레전드 모음,https://www.youtube.com/shorts/qYyFtsoDAA4,2025-03-05,2312095,37,#shorts #kissoflife #나띠 #설윤 #천년돌 #엔믹스 #스트레이키즈 #skz #필릭스 #직캠 #홈마
전소연이 큐브 1인자인 이유,https://www.youtube.com/shorts/qhBjyqn7xzc,2025-03-18,2298945,47,#아이들 #여자아이들 #CUBE #소연 #전소연 #우기 #민니 #슈화 #미연 #어자아이
아이돌들이 제니랑 챌린지 안 찍는 이유,https://www.youtube.com/shorts/1_8YYtY5Tbc,2025-03-27,2277914,34,#제니 #블랙핑크 #blackpink #블핑 #아이돌 #챌린지 #shorts #리사 #로제 #지수
반말하는 초딩팬을 본 아이돌 대처법,https://www.youtube.com/shorts/PCL1PGntya4,2025-03-16,2244121,55,#최예나 #예나 #네모네모 #아이즈원 #부승관 #세븐틴 #seventeen #아이돌
데뷔 후 애니가 가장 많이 들었던 '질문',https://www.youtube.com/shorts/C0VX4s8hELg,2025-09-06,2236204,18,#shorts  #애니 #올데프 #신세계 #올데이프로젝트 #adp #영서 #우찬 #타잔 #베일리
신세계 손녀 아이돌을 본 '기자들의 반응',https://www.youtube.com/shorts/iItmXHhR63o,2025-07-22,2196109,25,#shorts #아이돌 #기자 #올데프 #올데이프로젝트 #애니 #alldayproject
올데프 베일리가 14살에 만든 안무들,https://www.youtube.com/shorts/Y7cckGEVdsU,2025-11-21,2124577,26,#shorts #alldayproject #올데프 #올데이프로젝트 #아이돌
히트곡 제조기라는 일반인의 정체,https://www.youtube.com/shorts/iRRMmmktKmY,2025-04-11,2107680,38,#아이돌 #히트곡 #에스파 #SM #샤이니 #EXO #엑소 #소녀시대 #오마이걸 #shorts
QWER만 할 수 있다는 악플 대처법,https://www.youtube.com/shorts/LdFNWNEOvTY,2025-04-18,2076423,35,#qwer #쵸단 #시요밍 #냥뇽녕냥 #shorts #아이돌 #김계란 #히나 #마젠타 #밴드
요즘 여자아이돌 사이에서 도는 '병',https://www.youtube.com/shorts/VC7qLFh3o30,2025-03-09,2060852,35,#히토미 #아이즈원 #세이마이네임 #saymyname #김재중 #카리나 #에스파 #aespa #있지 #예지 #키키
아이돌이 알려주는 얼굴 '홀쭉해지는 방법',https://www.youtube.com/shorts/LHSBxNOAGEk,2025-06-02,2048880,31,#shorts #아이돌 #제니 #블랙핑크 #우기 #아이들 #허윤진 #르세라핌 #천국의계단 #태연
연예인이 일반인 이해 못하는 이유,https://www.youtube.com/shorts/ohm0dYjeKOc,2025-09-24,2019438,40,#shorts #미주 #아이돌 #연예인 #일반인 #딘딘 #연예인
에이티즈 최산이 '북부대공' 된 이유,https://www.youtube.com/shorts/OhJpGu1ALSs,2025-06-17,2006334,31,#shorts #에이티즈 #최산 #북부대공 #ateez #아이돌
중소돌이 인생역전하면 이렇게 된다고?,https://www.youtube.com/shorts/xkOtysfnFu0,2026-01-01,1923154,28,#아이돌 #쇼츠 #남자아이돌 #여자아이돌 #키오프 #키스오브라이프 #중소돌
실수로 공개된 '아이돌 행사 출연료',https://www.youtube.com/shorts/-7tRcXJDxL8,2025-11-03,1919899,37,#shorts #아이돌 #행사 #출연료 #프로미스나인 #트리플에스 #피프티피프티 #하이라이트
광고마저 다른 카리나vs장원영 차이,https://www.youtube.com/shorts/5FZY8IaG7S4,2025-06-07,1876730,27,#shorts #카리나 #장원영 #ive #에스파 #아이브
스타일리스트가 싸워서 성공한 코디,https://www.youtube.com/shorts/WbUUPo8WjpY,2025-03-02,1870370,37,#스타일리스트 #코디 #아이돌 #브브걸 #몬스타엑스 #monstax #청하 #갈웜신 #메이크업
아이돌이 프라다 모델하면 안 되는 이유,https://www.youtube.com/shorts/D08CJR-VUwo,2025-09-11,1843369,23,#shorts #프라다 #아이돌 #모델 #켄타로 #아이린 #모델 #찬열
야구팀에서 가장 좋아하는 여자 아이돌,https://www.youtube.com/shorts/LPsmGIefIVo,2025-05-31,1823082,18,#shorts #프로미스나인 #프미나 #송하영 #백지헌 #이채영 #아이돌
아이돌이 정체 숨기고 다니는 방법,https://www.youtube.com/shorts/WJscfwKQ5F4,2025-03-04,1778718,50,#트와이스 #다현 #호시# 세븐틴 #seventeen #이채연 #아이즈원 #아이돌 #일반인
'어도어 나간 후' 새 소속사 차린 민희진,https://www.youtube.com/shorts/JSpeYQ9zBCg,2025-10-25,1778436,24,#shorts #어도어 #민희진 #뉴진스 #아이돌 #newjeans #하이브
대놓고 건강악화 보이는 아이돌들,https://www.youtube.com/shorts/6nDRaAa-jdw,2025-05-12,1702969,38,#건강 #아이브 #장원영 #안유진 #ive #에스파 #닝닝 #shorts #아이돌
세상의 모든 억까 당한 아이돌,https://www.youtube.com/shorts/byqWOmOhMEw,2025-04-29,1701563,41,#에이티즈 #shorts #아이돌 #최산 #우영 #코첼라 #남자아이돌 #억까
탑이 돌아오길 기다린 것 같은 지디?,https://www.youtube.com/shorts/IAYfhFBWB18,2025-04-07,1695796,31,#지드래곤 #GD #빅뱅 #탑 #TOP #bigbang #태양 #대성
어린 아이돌이 데뷔하면 생기는 문제들,https://www.youtube.com/shorts/K4hQYllnAdg,2025-08-01,1679884,30,#shorts #아이돌 #데뷔 #유니스 #베이비몬스터 #여돌 #남돌
현아가 전신 타투를 지우는 이유,https://www.youtube.com/shorts/YxvGAQkIfHM,2025-05-17,1666750,35,#현아 #타투 #문신 #레이저 #용준형 #이던 #shorts #아이돌
남자 아이돌이 논란없이 살아남는 방법,https://www.youtube.com/shorts/E46hlyW_b4s,2025-03-21,1606638,43,#에이티즈 #최산 #논란 #ateez #shorts #운동 #남돌 #남자아이돌 #아이돌
하이브가 애지중지 키운 아이돌,https://www.youtube.com/shorts/YBYNpYxTmXU,2025-05-08,1590242,27,#txt #투바투 #연준 #tomorrow_x_together #투모로우바이투게더
신지보다 돈 더 잘 번다는 코요태 멤버,https://www.youtube.com/shorts/81tw2HzSLC0,2025-07-04,1588878,29,#shorts #신지 #코요태 #빽가 #김종민
오해원이 울다가 촬영 중단된 이유,https://www.youtube.com/shorts/RDq-Yk8prmA,2025-03-12,1559853,40,#오해원 #엔믹스 #NMIXX #워크맨 #워크돌 #아르바이트 #아이돌 #여자아이돌 #shorts
영화에서 '사고나는 장면' 찍는 방법,https://www.youtube.com/shorts/WUap5z0SYwA,2025-10-07,1548848,23,#shorts #장다아 #아이유 #박보검 #촬영 #영화 #드라마
SM이 엄마처럼 육아해서 키운 아이돌,https://www.youtube.com/shorts/f5LKi6tXILQ,2025-08-02,1543264,35,#shorts #sm #아이돌 #육아 #nct #nctdream #ncr127 #엔시티
여자 아이돌이 광고 따내는 '특이한 방법',https://www.youtube.com/shorts/UapOyOmfJx0,2025-06-26,1529750,33,#shorts #광고 #프로미스나인 #백지헌 #프미나 #폴라포 #아이돌 #여돌
드디어 감 찾았다는 '현아 신곡',https://www.youtube.com/shorts/s50wjuLCWA4,2025-05-15,1526502,37,#현아 #신곡 #용준형 #이던 #shorts #아이돌 #여자아이돌
방시혁 손길 뿌리치고 성공한 '여자 아이돌',https://www.youtube.com/shorts/pCMToPiQKS0,2025-10-20,1478054,30,#shorts #방시혁 #아이돌 #아이즈원 #뉴진스 #르세라핌 #하이브
유일하게 JYP 녹음에서 '살아남은 아이돌',https://www.youtube.com/shorts/w3xCJZhUmRI,2025-10-11,1454976,40,#shorts #jyp #jypentertainment  #박진영 #녹음실 #정동원
사생팬이 절대 팬이 아닌 이유,https://www.youtube.com/shorts/etHF0sFxxDE,2025-03-30,1410860,36,#김재중 #영웅재중 #사생 #백현 #exo #엑소 #아이돌 #shorts
외국인 멤버가 있는 그룹의 '치명적인 단점'?,https://www.youtube.com/shorts/VsVUep1URR4,2026-01-11,1393077,20,#shorts #아이돌 #닝닝 #에스파 #aespa #카즈하 #르세라핌 #정국 #윈터 #BTS #레이 #아이브 #중국 #일본 #안유진 #장원영
은근히 인기 많다는 아이돌 얼굴 유형,https://www.youtube.com/shorts/d9Vit0sTshc,2025-04-20,1361271,36,#아이돌 #윈터 #아이브 #에스파 #레이 #김채원 #르세라핌 #shorts
일본이 QWER를 좋아하는 이유,https://www.youtube.com/shorts/B2eu4FUMGGA,2025-05-02,1359995,38,#QWER #쵸단 #이시연 #마젠타 #냥뇽녕냥 #히나 #밴드 #김계란
여돌들이 내돈내산한 '올리브영 가성비템',https://www.youtube.com/shorts/0psR2XN5Ljk,2025-08-30,1341324,27,#shorts #올리브영 #애니 #alldayproject #올데프 #소유 #미연 #아이들
노래 파트가 고작 '한 단어'밖에 없는 아이돌,https://www.youtube.com/shorts/ayPP8y5KCJA,2026-01-01,1287971,24,#shorts #아이돌 #스트레이키즈 #트리플에스
망해가던 JYP 살려준 아이돌 그룹,https://www.youtube.com/shorts/wbZ54SvdUDE,2025-03-13,1280511,43,#JYP #있지 #아이돌 #원더걸스 #박진영 #shorts #아이돌 #트와이스 #twice
극과 극이라는 '아이돌 조명 차이',https://www.youtube.com/shorts/bjDoJnoinDM,2025-12-14,1277158,26,#shorts #남자아이돌 #여자아이돌 #아이돌 #에스파 #키오프 #아일릿
올데프가 열애설 날 수 없는 이유,https://www.youtube.com/shorts/0hGDv7WSbD0,2025-07-14,1262290,29,#shorts  #올데이프로젝트 #alldayproject #올데프 #타잔 #베일리 #우찬 #애니 #영서
스탭끼리 연애하는 걸 본 아이돌 반응,https://www.youtube.com/shorts/Zdg3F3-veFc,2025-12-19,1262047,31,#shorts #남자아이돌 #여자아이돌 #아이돌 #앤믹스 #베이 #세븐틴 #지디 #gd #빅뱅
아이브 데뷔 못 할 뻔한 '장원영&안유진',https://www.youtube.com/shorts/gE9g1A3reGA,2026-01-05,1248187,27,#shorts #남자아이돌 #여자아이돌 #아이돌 #아이브 #장원영 #안유진 #아이즈원
타잔이 애니를 챙겨주는 의외의 이유,https://www.youtube.com/shorts/oTkypylhWdM,2025-08-15,1229711,21,#shorts #alldayproject #올데프 #올데이프로젝트 #타잔 #애니
해체 후 '성공vs망한' 아이돌?,https://www.youtube.com/shorts/ORyvaoKRL0o,2025-09-22,1220299,30,#shorts #아아돌 #제로베이스원 #제베원 #보이즈플래닛
JYP 상위 1% 연습생만 받는다는 대우,https://www.youtube.com/shorts/Vl75dZ_VUWE,2025-12-28,1219438,28,#shorts #남자아이돌 #여자아이돌 #아이돌 #트와이스 #jyp #데이식스 #day6 #엔믹스 #2pm #스트레이키즈
데뷔 성공한 영서를 본 아일릿 반응,https://www.youtube.com/shorts/0SEH5YZzLkE,2025-06-30,1213675,23,#shorts #아일릿 #올데이프로젝트 #alldayproject #영서 #illit #아이돌
더이상 볼 수 없어진 '미성년자 아이돌들',https://www.youtube.com/shorts/6HX6WAnlmv4,2025-05-01,1207050,30,#shorts #미성년자 #아이돌 #베이비몬스터 #하츠투하츠 #아일릿 #아이브 #미야오
아이돌들이 계속 발연기를 하는 이유,https://www.youtube.com/shorts/uPpnFdLVY48,2025-11-29,1192981,32,#shorts #남자아이돌 #여자아이돌 #아이돌 #이채연 #디오 #도경수 #엑소
'이상한 재주'로 기네스북 오른 아이돌들,https://www.youtube.com/shorts/WR8ApfPO3Zc,2025-05-01,1187723,33,#shorts #기네스북 #txt #투바투 #태현 #광희 #동방신기 #이효리 #아이돌
2026년이 아이돌에게 '최악의 해인 이유',https://www.youtube.com/shorts/WI-xs7r-0K4,2026-01-26,1168481,29,#shorts #남자아이돌 #여자아이돌 #아이돌 #지수 #제니 #리사 #로제 #블랙핑크 #지디 #빅뱅 #엑소 #BTS #워너원
올데프 베일리가 중국에 사과한 이유,https://www.youtube.com/shorts/sZAiVUMs6tk,2025-12-10,1138637,24,#shorts #남자아이돌 #여자아이돌 #아이돌 #올데프 #올데이프로젝트 #베일리
허니제이가 현재 외국에서 인정받는 이유,https://www.youtube.com/shorts/lkj8nEcDeCk,2025-06-10,1133234,37,#허니제이 #스우파 #범접 #아이키 #효진초이 #립제이 #쿄카 #댄스 #shorts #아이돌
라이브 방송 중 '비밀 유출된' 아이돌,https://www.youtube.com/shorts/qSm-swc-NfU,2025-10-01,1133040,34,#shorts #아이돌 #투어스 #tws #라이즈 #riize
아이돌 팬들이 무서워하는 'MV 제작사'?,https://www.youtube.com/shorts/b95CStUX6xI,2025-10-04,1131066,29,#shorts #아이돌 #뮤직비디오 #mv #nct #엔시티 #스키즈 #skz #에스파
시작 전부터 난리난 3사 연말가요제 MC,https://www.youtube.com/shorts/Oe_qTvVmpr4,2025-11-26,1122378,36,#shorts #남자아이돌 #여자아이돌 #남돌 #여돌 #아이돌 #연말 #연말가요제 #올데이프로젝트 #올데프
아이돌이 지방 콘서트 무조건 해야 하는 이유,https://www.youtube.com/shorts/rX1OGL_WUYY,2025-12-31,1114748,20,#shorts #남자아이돌 #여자아이돌 #아이돌 #god #엔믹스 #라이즈 #세븐틴 #블랙핑크 #트와이스
아이돌 노래를 '역재생하면' 생기는 일,https://www.youtube.com/shorts/SGbXaaAZmSo,2025-10-06,1102981,47,#shorts #아이돌 #역재생 #워너원 #트리플에스 #txt
대학 축제에서 장원영을 좋아하는 이유,https://www.youtube.com/shorts/zcbdiOG2imU,2025-06-03,1100108,24,#shorts #대학축제 #장원영 #원영 #ive #아이브
올데이 프로젝트가 YG로 모인 이유,https://www.youtube.com/shorts/ShzPCHt6eiQ,2025-07-03,1094367,18,#shorts #YG #올데이프로젝트 #alldayproject #올데프
아이돌이 일반인처럼 못 지내는 이유,https://www.youtube.com/shorts/l2mc8hO49x4,2025-03-31,1093441,34,#에스파 #투바투 #수빈 #txt #tomorrow_x_together #투모로우바이투게더 #아이돌 #shorts
생각보다 소름돋는 무대 위 아이돌 시점,https://www.youtube.com/shorts/He15ixw0cog,2026-01-20,1089382,23,#shorts #남자아이돌 #여자아이돌 #아이돌 #엔믹스 #NMIXX #설윤 #규진 #WayV
민희진이 하필 지금 '소속사 차린 이유',https://www.youtube.com/shorts/SSOC64f3WHQ,2025-10-30,1074358,23,#shorts #뉴진스 #newjeans #하이브 #아이돌 #민희진 #어도어
AI라고 말 나오는 카리나 광고 근황,https://www.youtube.com/shorts/UVgYfm6FYAs,2025-06-14,1072285,21,#shorts #카리나 #젠틀몬스터 #에스파 #aespa #CG #AI #아이돌
무대의상 두 벌로 돌려막기 하는 아이돌,https://www.youtube.com/shorts/MCObnmwXClI,2025-05-23,1036149,36,#shorts #그날이오면 #하이보이즈 #txt #슬전생 #슬기로운전공의생활 #투바투 #수빈 #연준
아이돌이 죽어라 지키는 '왼얼사vs오얼사',https://www.youtube.com/shorts/HanBy7_mLwM,2025-06-23,1009590,28,#shorts #아이돌 #아이브 #장원영 #프로미스나인 #에스파 #라이즈 #원빈 #왼얼사 #오얼사
유퀴즈 나갔다가 통편집 당한 아이돌,https://www.youtube.com/shorts/YbVSuGd-cfM,2025-11-10,1007188,31,#shorts #유퀴즈 #통편집 #아이돌 #엔믹스 #하츠투하츠 #하투하 #이안 #오해원
제2의 탈덕수용소 잡겠다는 아이돌,https://www.youtube.com/shorts/DklcadtrpTw,2025-07-09,1001102,26,#shorts #탈덕수용소 #세븐틴 #하이브 #플레디스 #부석순
아이돌들의 메이크업 전vs후 차이,https://www.youtube.com/shorts/oAMu92fkRlo,2025-04-29,998221,32,#shorts #메이크업 #쌩얼 #아이돌 #여자아이돌 #남자아이돌 #화장
각잡고 관리한 아이돌 '외모 변화',https://www.youtube.com/shorts/D9I5laxOk9w,2025-04-16,996527,27,#shorts #르세라핌 #홍은채 #아이돌 #여자아이돌 #외모 #에스파 #에스파 #아이브 #지젤
JYP 가수들은 못 나간다는 음악방송,https://www.youtube.com/shorts/zZOHUZuE6-w,2025-10-29,979471,30,#shorts #jyp #아이돌 #엔믹스 #트와이스 #블루발렌타인
아이돌 자컨 옮겨다닌다는 '편집자 근황',https://www.youtube.com/shorts/NvFZ02uopwo,2025-08-23,974976,23,#shorts #아이돌 #자컨 #편집자 #자체컨텐츠 #엔믹스
엔믹스만 가능하다는 라이브 방법,https://www.youtube.com/shorts/S-B7HKgveIs,2025-03-01,968055,42,#엔믹스 #nmixx #아이돌 #라이브 #sohrts #여자아이돌 #오해원 #설윤 #배이
요즘 아이돌한테 먹힌다는 '이 컨셉',https://www.youtube.com/shorts/wSVRKpfb-O8,2025-09-27,958733,27,#shorts #아이돌 #컨셉 #에스파 #아이브 #하츠투하츠 #키키 #코르티스 #올데이프로젝트
전소연이 하필 큐브에 들어간 이유,https://www.youtube.com/shorts/nCDPTDwPB2A,2025-03-26,955580,39,#전소연 #아이들 #소연 #gidle #민니 #슈화 #우기 #미연 #여자아이들 #큐브
여자 아이돌이 '반성문' 쓴 이유?,https://www.youtube.com/shorts/0D5C2DgTd-o,2025-10-03,943800,24,#shorts #반성문 #아현 #베이비몬스터 #babymonster #베몬
방송국 취업한 것 같다는 '아이돌 홈마',https://www.youtube.com/shorts/3XqUpaaS_L8,2025-06-16,936635,26,#아이돌 #홈마 #shorts #원빈 #라이즈 #장원영 #아이브 #ive
GD 무대를 본 '세계 정치인' 반응,https://www.youtube.com/shorts/tzIAB4Ifv5o,2025-11-07,929525,19,#shorts #지드래곤 #빅뱅 #gd #bigbang #아이돌
아이돌판 전혀 모르는 올데프 타잔 행동,https://www.youtube.com/shorts/fY4JaRPN9ok,2025-08-07,922057,36,#shorts #타잔 #올데이프로젝트 #alldayproject #올데프 #영서 #베일리 #우찬 #애니
아이돌도 내돈내산 한 올리브영 제품,https://www.youtube.com/shorts/SOiv6MfqtiM,2025-03-23,922002,32,#아이돌 #shorts #올리브영 #꿀템 #제품추천 #여자아이돌 #남자아이돌 #txt #연준 #크래비티 #함원진 #립밤
소녀시대 탈퇴 후 의외라는 '제시카 근황',https://www.youtube.com/shorts/QNssozs83tY,2026-01-15,919907,32,#shorts #남자아이돌 #여자아이돌 #아이돌 #소녀시대 #제시카
역대급 반응 갈린다는 2025 가요대전 반응,https://www.youtube.com/shorts/vRy3ob1OGDU,2025-12-27,916151,21,#shorts #남자아이돌 #여자아이돌 #아이돌 #에스파 #아일릿 #아이브 #가요대전
남돌보다 크다는 '아이브 키 체감해보기',https://www.youtube.com/shorts/h7zpC-Gjfz8,2025-09-11,908653,30,#shorts #아이브 #ive #장원영 #원영 #레이 #안유진 #리즈 #가을 #이서
BTS가 시야제한석을 '판매한 이유',https://www.youtube.com/shorts/UMWkhaA1b3c,2026-01-17,904474,22,#shorts #남자아이돌 #여자아이돌 #아이돌 #뷔 #정국 #진 #BTS #방탄소년단
장원영이 쉬는 날 유일하게 하는 '이것',https://www.youtube.com/shorts/gFL8mvlLLHs,2025-04-20,901642,31,#장원영 #아이브 #ive #shrots #안유진 #리즈 #가을 #원영 #레이 #아이돌
아이돌 팬싸인회가 '500만원' 하는 이유,https://www.youtube.com/shorts/7EOQ2jL6hxE,2026-01-03,892749,28,#shorts #아이돌 #장원영 #팬싸인회 #팬싸 #팬미팅 #투바투 #에스파
팬 얼굴보고 찐으로 놀란 아이돌,https://www.youtube.com/shorts/L7iW5YiYhqo,2025-07-05,874991,14,#shorts #아일릿 #장원영 #원희 #아이브
신세계 재벌집 가본 '올데프 멤버들 후기',https://www.youtube.com/shorts/NG9O6w-M4-0,2025-11-18,871172,26,#shorts #alldayproject #올데프 #타잔 #올데이프로젝트 #영서 #아이돌 #신세계 #애니 #우찬 #베일리
실제로는 하찮은 아이돌 뮤비의 진실,https://www.youtube.com/shorts/LAg1PiLzGq8,2025-04-03,859142,31,#shorts #아이브 #ive #안유진 #skz #스트레이키즈 #BTS #뷔 #트리플에스 #연준 #투바투
아이브 콘서트 도중 들린 '특이한 목소리',https://www.youtube.com/shorts/WRdmwSu1Wzw,2025-11-09,849069,22,#shorts #ive #아이브 #콘서트 #공연
쌩신인 같다는 올데이 프로젝트 모습들,https://www.youtube.com/shorts/_qiKE_ZolJQ,2025-07-02,837855,30,#shorts #올데프 #alldayproject #올데이프로젝트 #영서 #타잔 #애니 #우찬 #베일리
콘서트에서 날리는 '꽃가루'의 비밀,https://www.youtube.com/shorts/FKSXnDWAu1o,2025-05-03,829063,34,#shorts  #아이돌 #콘서트 #컨페티 #꽃가루 #제베원 #zb1 #장하오 #데이식스
오해원이 데뷔 전 했던 라이브 방송,https://www.youtube.com/shorts/N5qMXXt9Zn0,2025-03-23,820458,32,#엔믹스 #nmixx #오해원 #라이브 #라이브방송 #해원 #농담곰 #jyp #아이돌
재계약 이후 달라진 (여자)아이들 그룹명,https://www.youtube.com/shorts/0LkUuk9cDGk,2025-05-27,817569,34,#shorts #그룹명 #아이들 #소연 #민니 #슈가 #미연 #우기 #아이돌
올데프 애니가 GD랑 19년 친구인 이유,https://www.youtube.com/shorts/TkFqu4DczWU,2025-08-16,810230,26,#shorts #alldayproject #올데프 #올데이프로젝트 #애니 #GD #gdragon #지디
애니에 가려진 또 다른 '올데프 금수저',https://www.youtube.com/shorts/_myuBnzfRIk,2025-12-04,809923,23,#shorts #남자아이돌 #여자아이돌 #아이돌 #올데프 #올데이프로젝트 #영서 #애니 #타잔 #베일리 #우찬 #이재용 #정용진
장원영으로 노래를 만들면 이렇게 된다고?,https://www.youtube.com/shorts/J8-AO2gkTx8,2025-08-31,793650,24,#shorts #장원영 #ive #아이브 #아이돌 #김이나
300만원짜리 아이돌 포카가 '만들어지는 과정',https://www.youtube.com/shorts/hwBQf2MdK9I,2026-02-02,783844,25,#shorts #남자아이돌 #여자아이돌 #아이돌 #장원영 #카리나 #원희 #쥴리 #소희 #설윤 #수이
SM이 종현 끝까지 기억하는 방법,https://www.youtube.com/shorts/iOAlmDau_YU,2025-05-20,779953,35,#shinee #샤이니 #종현 #shorts #아이돌 #온유 #키 #민호 #태민
세븐틴 팬미팅 좌석이 텅텅 빈 이유,https://www.youtube.com/shorts/p0sApBBFnBw,2025-03-26,779926,38,#세븐틴 #seventeen #팬미팅 #콘서트 #남자아이돌 #남돌
아이돌의 현실 애착템이 공개되면 생기는 일,https://www.youtube.com/shorts/itrupwC-Kuw,2026-02-13,779566,30,"#아일릿 #원희 #카리나 #프로미스나인 #백지헌 #아이돌 #이채영  오늘 영상은 아이돌이 직접 자랑한 애장템에 대해 다뤄보았습니다.  단순 전달을 넘어 제작자가 직접 느낀 아이돌의 제품 공개 후 이후 파급력에 대해 중점적으로 구성했습니다.  본 영상은 공신력 있는 언론 및 공식 매체의 보도 내용을 기반으로, 제작자의 독창적인 큐레이션과 대중문화적 관점의 분석을 더해 재구성한 정보성 콘텐츠입니다."
엔믹스가 방송에서 한참 동안 침묵한 이유,https://www.youtube.com/shorts/E2-inWqiUdY,2026-01-18,778475,31,#shorts #남자아이돌 #여자아이돌 #아이돌 #엔믹스 #배이 #해원
연말가요제가 벌써부터 논란인 이유,https://www.youtube.com/shorts/LJZuPNx_4F0,2025-11-17,774043,24,#shorts #아이돌 #가요대전 #연말가요제 #mama
팬이 사과해버린 아이돌 콘서트 근황,https://www.youtube.com/shorts/mvoQzAEsJUI,2025-11-24,773298,30,#shorts #아이돌 #콘서트 #nctwish #엔위시 #일본
어딘가 특이하다는 빅뱅 팬 특징,https://www.youtube.com/shorts/kG0WTTc6nYI,2025-03-05,772401,41,#빅뱅 #VIP #대성 #탑 #GD #지드래곤 #태양 #BIGBANG #아이돌 #shorts
홈마보다 잘 찍는다는 '음악방송 카메라',https://www.youtube.com/shorts/BqzQNtMYiAE,2025-07-13,770596,32,#shorts #아이돌 #홈마 #음악방송 #음중 #인기가요 #뮤직뱅크 #직캠
너무 살벌하다는 '연습생 방출 과정',https://www.youtube.com/shorts/0sAb0kgUvv8,2025-11-11,767714,30,#shorts #아이돌 #연습생 #르세라핌 #하츠투하츠 #sm #이재
평범하면 못 살아남는 '아이돌 앨범 근황',https://www.youtube.com/shorts/JbMSYRb-Pw4,2025-11-25,762714,29,#shorts #아이돌 #태연 #케이팝 #아일릿 #데이식스
이창섭이 밝힌 전과자 하차 이유,https://www.youtube.com/shorts/kkLudb51Coo,2025-05-13,757940,38,#shorts #이창섭 #전과자 #아이돌 #btob #로이킴 #꽃이되어줄게 #비투비
아이돌들이 가장 '예뻐지는 계절',https://www.youtube.com/shorts/5QtVkGTZb9I,2025-11-28,740500,31,#shorts #남자아이돌 #여자아이돌 #아이돌 #계절 #있지 #레드벨벳 #메이크업
과거 기 센 언니였다는 '아이브 멤버',https://www.youtube.com/shorts/WgLGGPCgLMk,2025-04-27,738277,38,#shorts #가을 #장원영 #안유진 #리즈 #이서 #레이 #스타쉽 #아이돌
아이돌이 사라지자 홈마들이 한 행동,https://www.youtube.com/shorts/goQDbvX62As,2025-12-27,737036,20,#shorts #남자아이돌 #여자아이돌 #아이돌 #장원영 #필릭스 #르세라핌 #몬스타엑스
콘서트에서 발생한 '장원영 의상 논란',https://www.youtube.com/shorts/8VS68q8D0Zg,2025-11-10,732970,17,#shorts #장원영 #아이브 #ive #아이돌
소심하기로 유명한 아이돌 팬들의 최후,https://www.youtube.com/shorts/gypa1su2l9g,2025-03-28,728875,40,#카리나 #윈터 #에스파 #지젤 #닝닝 #aespa #마이 #콘서트 #아이돌
아이돌 팬이 목청 좋아야 하는 이유,https://www.youtube.com/shorts/UPwtw1SrI9s,2025-03-25,723708,40,#장원영 #아이돌 #투바투 #txt #투모로우바이투게더 #tomorrow_x_together #zb1 #제로베이스원 #zerobaseone #성한빈
이제 일반인은 안 뽑는 JYP 공채 오디션,https://www.youtube.com/shorts/tLPNEfx0kKc,2025-12-11,698815,25,#shorts #남자아이돌 #여자아이돌 #아이돌 #있지 #유나 #예지 #트와이스 #나연 #채영 #스트레이키즈 #승민 #엔믹스
'날티상 남돌이' 화보 찍으면 생기는 일,https://www.youtube.com/shorts/MjEAEHSxIeo,2026-02-14,694975,27,"#투바투 #연준 #txt #투모로우바이투게더 #아이돌 #남자아이돌 #화보  오늘 영상은 아이돌 이미지에 대하여 다뤄보았습니다.  단순 전달을 넘어 제작자가 직접 느낀 외모에 따라 달라지는 이미지, 컨셉을 중점적으로 구성했습니다.  본 영상은 공신력 있는 언론 및 공식 매체의 보도 내용을 기반으로, 제작자의 독창적인 큐레이션과 대중문화적 관점의 분석을 더해 재구성한 정보성 콘텐츠입니다."
NCT에서 의외로 '돈 많이 버는 멤버',https://www.youtube.com/shorts/BNNG0TAFNCY,2025-09-03,693810,22,#shorts #아이돌 #NCT #해찬 #마크 #도영 #nctdream #NCT127
어딘가 숙연해지는 아이돌 별명,https://www.youtube.com/shorts/gze2lg5nhhE,2025-03-15,693036,42,#크래비티 #별명 #함원진 #크래비티 #원진 #아이돌 #shorts
의외로 많다는 '아이돌 데뷔 포기 이유',https://www.youtube.com/shorts/MH2Bf4E1oaI,2025-10-05,677825,27,#shorts #아이돌 #데뷔 #연습생
여자 아이돌이 갑자기 '살 빠지는 시기',https://www.youtube.com/shorts/omNGqqfQjJM,2025-12-12,677430,26,#shorts #남자아이돌 #여자아이돌 #아이돌 #다이어트 #아이브 #리즈 #이채연
아이돌 팬들이 환장한다는 메이크업,https://www.youtube.com/shorts/NdsQGIuQb_U,2025-04-15,674875,35,#이사배 #레오제이 #메이크업 #아이돌 #shorts #장원영 #필릭스
가요대전에서 립싱크 오해받은 엔믹스?,https://www.youtube.com/shorts/iWB8G73nSDs,2025-12-30,673194,24,#shorts #남자아이돌 #여자아이돌 #아이돌 #nmixx #엔믹스 #립싱크
아이돌 데뷔 타이밍이 중요한 이유,https://www.youtube.com/shorts/a5VxuKa_wJE,2025-08-21,672384,37,#아이돌 #데뷔 #shorts #에스파 #아이브 #키오프 #아일릿 #뉴진스 #bts
올데프 타잔을 처음 본 '신세계 회장 반응',https://www.youtube.com/shorts/Dx1jdYEAgwk,2025-08-08,672070,24,#shorts #올데이프로젝트 #올데프 #alldayproject #타잔 #애니 #살롱드립
'미성년자라 못한' 아쉬운 아이돌 무대들,https://www.youtube.com/shorts/64IhRQtB4Y0,2025-12-07,672022,23,#shorts #남자아이돌 #여자아이돌 #아이돌 #제베원 #한유진
나라마다 다른 아이돌 홈마 특징,https://www.youtube.com/shorts/0SPnYZISe0c,2025-06-11,666114,23,#shorts #홈마 #아이돌 #한국 #중국 #일본
아이돌이 무조건 지켜야 한다는 절대 원칙,https://www.youtube.com/shorts/flsCO3XCs_A,2026-01-17,662454,24,#shorts #남자아이돌 #여자아이돌 #아이돌 #윈터 #정국 #아이브 #안유진 #장원영 #리즈 #샤이니 #키 #크래비티 #성민 #원진
다시 유행한다는 '2000년대' 감성 굿즈,https://www.youtube.com/shorts/lSrPnog2zXQ,2025-05-10,654145,30,#shorts #아이돌 #엔믹스 #jyp #설윤 #라이즈 #riize #원빈 #굿즈
결국 진짜 뉴스에 나와버린 '중국인 아이돌',https://www.youtube.com/shorts/W_VVq2DPRgg,2025-08-31,647442,30,#shorts #아이돌 #장하오 #zerobaseone #제로베이스원 #제베원
올데프 타잔이 연습실에서 이탈한 이유,https://www.youtube.com/shorts/AFD4GEXOaus,2025-08-10,639051,41,#shorts #올데이프로젝트 #올데프 #타잔 #연습실 #아이돌 #alldayproject
아이돌이 소속사를 떠나기로 '결심한 이유',https://www.youtube.com/shorts/wvEK97BbMoc,2026-01-04,638206,28,#shorts #아이돌 #소속사 #하투하 #이안 #하츠투하츠 #르세라핌 #라이즈
아이돌이 두꺼운 메이크업 유지하는 방법,https://www.youtube.com/shorts/v-wpRHg_Y80,2026-01-16,635311,29,#shorts #남자아이돌 #여자아이돌 #아이돌 #아이브 #레이 #미주 #권은비
SM 아이돌이 연말무대에서 욕 안 먹는 이유,https://www.youtube.com/shorts/502vGtE_Ky8,2025-12-26,624139,36,#shorts #남자아이돌 #여자아이돌 #아이돌 #엑소 #exo  #nctwish #엔시티위시  #라이즈 #riize
한국인은 들어갈 수 없다는 아이돌 단톡방,https://www.youtube.com/shorts/trXfouVVGG0,2026-01-05,622326,22,#shorts #남자아이돌 #여자아이돌 #아이돌 #아일릿 #르세라핌 #아이들 #민니 #닝닝 #에스파 #장하오 #원희
SM이 30억 들여서 만든 아이돌,https://www.youtube.com/shorts/G01xLIhab6E,2025-04-18,617196,31,#보아 #BOA #SM #에스파 #NCT #레드벨벳 #샤이니 #엔시티 #라이즈 #아이돌
특이한 하이브 아이돌들의 계약조건,https://www.youtube.com/shorts/1xHoP3V5QxM,2025-04-12,615534,30,#hybe #세븐틴 #부석순 #하이브 #르세라핌 #사쿠라 #bts #재계약
전역하자마자 돈 쓸어담는 조승연,https://www.youtube.com/shorts/kR-gcYSqhqk,2025-07-22,613202,28,#shorts #우즈 #조승연 #역주행 #전역 #군인 #제대 #drowning
아이돌이 팬이랑 장난치는 방법,https://www.youtube.com/shorts/CnqKzyzrkFM,2026-01-25,606437,24,#shorts #남자아이돌 #여자아이돌 #아이돌 #에스파 #카리나 #엔믹스 #해원
NG장면 그대로 내보낸 '에스파 신곡 티저',https://www.youtube.com/shorts/C1fBWzXhESE,2025-08-29,597518,32,#shorts #sm #aespa #에스파 #아이돌 #한국 #윈터 #닝닝 #지젤 #카리나
아이돌이 방송 심의에 대처하는 방법,https://www.youtube.com/shorts/bBn53OZTLrE,2025-05-03,576926,29,#제베원 #zb1 #제로베이스원 #에이티즈 #최산 #방송심의 #아이돌 #shorts
아이돌이 해외투어 전에 '살찌는 이유',https://www.youtube.com/shorts/PuiaPmriHpc,2025-08-03,570274,30,#shorts #해외투어 #아이돌 #태연 #아이브 #장원영 #리즈 #ive
음악방송마다 다른 아이돌 메이크업,https://www.youtube.com/shorts/hC5U76-AYg4,2025-04-05,567704,27,#음악방송 #아이브 #르세라핌 #홍은채 #shorts #오해원 #엔믹스
홍콩 화재로 바뀐 MAMA 노래 가사,https://www.youtube.com/shorts/h-nc0yPczvI,2025-12-01,566379,33,#shorts #아이돌 #mama #홍콩 #마마
이용만 당하고 버림받은 보플2 연습생들?,https://www.youtube.com/shorts/8afCbYghXPA,2025-09-30,561133,26,#shorts #보이즈플래닛 #보플 #보이즈플래닛2 #보플2 #아이돌 #장한음
유독 스우파에서 '쿄카 인기가 많은 이유',https://www.youtube.com/shorts/-Xfz3h148os,2025-06-14,555699,24,#shorts #스우파 #쿄카 #스트릿우먼파이터 #오죠갱
눈을 의심하게 만드는 '아이돌 안무',https://www.youtube.com/shorts/Jc6oT5ew_2M,2025-05-04,546508,51,#shorts #아이돌 #춤 #댄스 #안무 #케이팝 #레드벨벳
성공 전 아이돌이 겪은 특이한 일들,https://www.youtube.com/shorts/RnkRsL2CXeE,2025-03-24,545146,49,#아이유 #shorts #비투비 #이창섭 #아이돌 #btob #여자아이돌 #남자아이돌 #iu
'디자이너 갈아넣은' 아이돌 앨범구성,https://www.youtube.com/shorts/Ozp8NEXFxAc,2025-06-21,542542,18,#shorts #아이돌 #앨범 #아일릿 #모카 #원희 #민주 #이로하 #윤아
'빡센 메이크업에도' 살아남는 아이돌 피부 비법,https://www.youtube.com/shorts/U5Vj_qFhfWQ,2025-12-20,542280,34,#shorts #남자아이돌 #여자아이돌 #아이돌 #에스파 #카리나 #윈터 #프미나 #이채영 #이사배
찐 금수저인 올데프 애니의 '용돈 수준',https://www.youtube.com/shorts/Kwy4lIYaBGc,2025-07-15,542195,22,#shorts #신세계 #올데이프로젝트 #alldayproject #올데프 #애니
아이돌이 동료를 추모하는 방법,https://www.youtube.com/shorts/ID-k3V4sj2Y,2025-04-21,540878,39,#아스트로 #차은우 #문빈 #아이돌 #shorts #세븐틴 #우지
김희철이 10년 넘게 춤을 안 춘 이유,https://www.youtube.com/shorts/R7UlFhwqLk8,2025-08-06,536404,37,#shorts #김희철 #슈퍼주니어 #superjunior #expressmode #익스프레스모드
연차별로 확 갈리는 아이돌 데이트 장소,https://www.youtube.com/shorts/qOkz8SLY2vQ,2026-01-29,533391,22,#shorts #남자아이돌 #여자아이돌 #아이돌 #성훈 #장원영 #윈터 #카리나 #수빈 #르세라핌
아이돌이 탈룰라 위기에서 탈출하는 법,https://www.youtube.com/shorts/1Har7bR1LfU,2025-03-22,522968,32,#수빈 #txt #투바투 #투모로우바이투게더 #아이돌 #tomorrow_x_together #탈룰라
아이돌이 직접 추천한 '올리브영 찐템',https://www.youtube.com/shorts/jonlvlOQFEE,2026-01-31,521263,23,#shorts #남자아이돌 #여자아이돌 #아이돌 #엔믹스 #설윤 #아일릿 #원희 #조유리
결국 라이브 방송에서 폭주한 아이돌,https://www.youtube.com/shorts/GGD4JwbmLz8,2025-08-19,520757,32,#shorts #라이브 #투바투 #txt #수빈 #tomorrow_x_together
이미 결과 다 나왔다는 MMA 대상?,https://www.youtube.com/shorts/gtXxQwgDjKM,2025-12-06,518770,29,#shorts #남자아이돌 #여자아이돌 #아이돌 #MMA #멜론뮤직어워드
탈락해서 인생 역전한 '보이즈2플래닛' 연습생,https://www.youtube.com/shorts/SPqR2aO64bk,2025-12-11,516934,33,#shorts #남자아이돌 #여자아이돌 #아이돌 #보이즈2플래닛 #최립우
아이돌 팬들이 '임영웅 콘서트에 화난 이유',https://www.youtube.com/shorts/OHkYgNgMbQU,2025-09-14,515600,33,#shorts #아이돌 #임영웅 #콘서트 #공연
타잔이 사투리를 절대 못 고치는 이유,https://www.youtube.com/shorts/XUGtD_3lIM8,2025-08-10,507722,24,#shorts #아이돌 #타잔 #allday #올데프 #올데이프로젝트
아이돌이 팬을 '진심으로 사랑하면' 생기는 일,https://www.youtube.com/shorts/N4x2N024pwM,2025-10-10,506756,40,#shorts #아이돌 #이창섭 #정용화 #조유리
여자아이돌 필수 덕목이라는 '머리카락 튀기기',https://www.youtube.com/shorts/SUrtsI3gMKQ,2025-12-27,499828,20,#shorts #남자아이돌 #여자아이돌 #아이돌 #하츠투하츠 #이안 #에스파 #카리나 #블랙핑크 #제니 #이즈나 #방지민
요즘 대세라는 비주얼 멤버 인증법,https://www.youtube.com/shorts/moi5G-80rss,2025-09-19,497006,23,#shorts #아이돌 #비주얼 #아이브 #라이즈 #원빈 #장원영
올데프 타잔이 찐으로 상처받은 순간,https://www.youtube.com/shorts/xM4P6i37P2A,2025-08-12,493665,32,#shorts #올데프 #alldayproject #올데이프로젝트 #타잔 #아이돌
하이브 아이돌의 '라이브 연습방법',https://www.youtube.com/shorts/p9IeYQwFq4M,2025-11-09,493627,29,#shorts #하이브 #hybe #아이돌 #르세라핌 #아일릿
카리나가 에스파 데뷔 못 할 뻔한 이유,https://www.youtube.com/shorts/HZqueZ9ZiWs,2025-07-14,493304,27,#shorts #에스파 #카리나 #닝닝 #지젤 #aespa #윈터
트와이스 사나가 사생팬한테 사과한 이유,https://www.youtube.com/shorts/taUEUaF2VFI,2026-01-14,486797,27,#shorts #남자아이돌 #여자아이돌 #아이돌 #트와이스 #TWICE #사나 #사생팬
안무 바꿨다가 난리난 '아이돌 무대',https://www.youtube.com/shorts/TEQ5ISXh-h8,2025-09-09,473043,24,#shorts #아이돌 #에스파 #아이브 #장원영 #ive #윈터
연말 시상식에서 AR 하나도 안 쓴 아이돌,https://www.youtube.com/shorts/SFvjhn2yDkY,2025-12-24,469018,24,#shorts #남자아이돌 #여자아이돌 #아이돌 #지코 #요아소비 #이쿠라 #yoasobi #ikura #mma
아이돌도 사용한다는 '올리브영 제품들',https://www.youtube.com/shorts/EASbPfBgfsw,2025-07-18,467957,26,#shorts #올리브영 #oliveyoung #아이돌 #올데프 #영서 #올데이프로젝트 #오징어게임 #조유리 #권은비
'미국 대통령 앞에서' 공연하는 아이돌?,https://www.youtube.com/shorts/ZaBznE1wsPQ,2025-09-12,460808,31,#shorts #아이브 #ive #장원영 #지드래곤 #트럼프 #라이즈 #프미나
명재현이 데뷔 후 팬들이랑 한 약속,https://www.youtube.com/shorts/U6uSAOxl4BY,2025-05-30,454487,35,#shorts #보넥도 #보이넥스트도어 #boynextdoor #명재현
컴백하고 '이것'까지 광고하는 QWER,https://www.youtube.com/shorts/4arE-lI48X8,2025-07-09,450190,24,#shorts #qwer #아이돌 #밴드 #바위게 #쵸단 #마젠타 #시연 #이시연 #냥뇽녕냥 #히나
아이브에서 안유진이 리더인 이유,https://www.youtube.com/shorts/cEXnUjY_kn8,2025-04-11,446237,35,#shorts #아이브 #안유진 #ive #아이돌 #여자아이돌 #shorts #레이 #장원영
의외라는 ‘올데이 프로젝트’ 타잔 성격,https://www.youtube.com/shorts/Sel7WtKy_AM,2025-06-29,445617,28,#alldayproject #올데이프로젝트 #타잔 #베일리 #영서 #애니 #조우찬 #아이돌
연예인 외모가 갑자기 '바뀌는 이유',https://www.youtube.com/shorts/ma-LhCA3vhE,2025-08-29,445018,35,#shorts #아이돌 #연예인 #싸이 #이수지 #조째즈 #엄지윤
아이돌은 과연 버블로 얼마를 벌까?,https://www.youtube.com/shorts/GbU-hVJtQHA,2026-02-22,442715,27,"#아이돌 #버블 #SNS #수익  오늘 영상은 아이돌의 버블 수익에 대해 다뤄보았습니다.  단순 전달을 넘어 제작자가 직접 계산한 대략적인 금액을 중점적으로 구성했습니다.  본 영상은 공신력 있는 언론 및 공식 매체의 보도 내용을 기반으로, 제작자의 독창적인 큐레이션과 대중문화적 관점의 분석을 더해 재구성한 정보성 콘텐츠입니다."
The 'Unique Requests' Idols Receive in the Recording Studio,https://www.youtube.com/shorts/ME2fTqwV378,2026-03-12,440866,48,#녹음실 #전소연 #아이들 #베이비몬스터 #에스파
너무 달라진 빅뱅 안무 수정 전vs후,https://www.youtube.com/shorts/QX1ril26kCQ,2025-03-15,439474,34,#빅뱅 #안무 #뱅뱅뱅 #gd #굿데이 #gdragon #지드래곤 #아이돌 #shorts #대성 #태양
올데프 여자vs남자 숙소 비교,https://www.youtube.com/shorts/qC3gOxRGp_s,2025-08-06,433169,26,#shorts #올데이프로젝트 #올데프 #alldayproject #애니 #베일리 #영서 #타잔 #우찬
'최악의 연휴' 보냈다는 아이돌,https://www.youtube.com/shorts/xgnqLNrtVfQ,2025-10-10,431752,26,#shorts #아이돌 #연휴 #휴가 #제로베이스원 #제베원 #장하오 #김규빈 #휴닝카이 #txt
에스파 무대 위vs아래 의상 비교,https://www.youtube.com/shorts/VjOrQAwyYW4,2025-07-11,428429,22,#에스파 #카리나 #윈터 #닝닝 #지젤 #아이돌 #dirtywork #shorts
아이돌이 유튜브에 안 나오는 이유,https://www.youtube.com/shorts/CIxyqAH6YbY,2025-04-17,427940,37,#아이돌 #유튜브 #shorts #샤이니 #키 #shorts
아이돌이 말하는 '콘서트 초대권'의 비밀,https://www.youtube.com/shorts/y1kpD-Gf6dw,2025-05-19,423677,25,#shorts #콘서트 #초대권 #아이돌 #공연 #아이브 #에스파
뮤직비디오에서 강제로 '삭제당한 아이돌',https://www.youtube.com/shorts/CPhws5Tw6a4,2025-11-27,416872,30,#shorts #아이돌 #뉴진스 #아이유 #스테이씨 #mv
스타쉽에서 공개한 아이브 '의문의 영상',https://www.youtube.com/shorts/Iivg83Lk3XA,2025-12-03,413050,23,#shorts #남자아이돌 #여자아이돌 #아이돌 #아이브 #장원영 #안유진 #리즈 #가을 #레이 #이서
역대급 사건사고가 많은 아이돌 출국 현장,https://www.youtube.com/shorts/5Ry43CFXs74,2025-11-30,410819,29,#shorts #남자아이돌 #여자아이돌 #아이돌 #에스파#라이즈 #BTS #블랙핑크
인기 아이돌vs인기 유튜버의 차이점,https://www.youtube.com/shorts/clXVM1sDe4k,2025-04-28,405300,29,#아이돌 #유튜버 #문복희 #제니 #블랙핑크 #김세정 #우정잉 #유나 #shorts
하이브가 투바투 멤버들 '모은 방법',https://www.youtube.com/shorts/ymnw8DgIta0,2025-05-16,404888,40,#shorts #투바투 #하이브 #캐스팅 #휴닝카이 #연준 #수빈 #범규 #태현
아이돌이 악마의 편집보다 싫어하는 '이것',https://www.youtube.com/shorts/UYQPxZyqCyM,2025-08-11,404052,36,#shorts #악마의편집 #아이돌 #샤이니 #키 #비투비 #이창섭 #효연
본인한테 맞는 곡 받은 '엔믹스 반응',https://www.youtube.com/shorts/D6jvxbXyAEw,2025-10-27,403006,25,#shorts #엔믹스 #nmixx #블루발렌타인 #jyp #아이돌
잘생긴 남돌들의 '의외의 코 모양',https://www.youtube.com/shorts/S_hP9UxBlzs,2025-06-29,402797,29,#라이즈 #원빈 #아이돌 #shorts #차은우 #트와이스 #사나
아일릿 원희가 독기 품고 '성공한 라이브',https://www.youtube.com/shorts/1v4d0d-dV28,2026-01-02,401848,37,#shorts #남자아이돌 #여자아이돌 #아이돌 #원희 #아일릿 #아이유
큰일 날 것 같은 '4세대 여돌들',https://www.youtube.com/shorts/_TKW8ogr8TU,2026-01-08,401629,24,#shorts #남자아이돌 #여자아이돌 #아이돌 #에스파 #닝닝 #아이브 #장원영
아이돌 '활동기 스케줄' 체감해보기,https://www.youtube.com/shorts/jK8Su-zexhU,2025-10-09,399097,42,#shorts #아이돌 #스케줄 #활동기 #연예인 #음악방송
신인vs현재 장카설 외모변화,https://www.youtube.com/shorts/aJjnZNkUzNE,2025-05-09,397902,37,#장원영 #아이브 #ive #장카설 #설윤 #엔믹스 #nmixx #카리나 #에스파 #메이크업 #아이돌 #shorts
버클리 음대생들이 만든 케이팝 아이돌,https://www.youtube.com/shorts/I3SYe1OfE1E,2025-03-28,393747,35,#shortsyoutube  #리센느 #러브어택 #RESCENE #loveattack #버클리 #여자아이돌 #아이돌
SM vs 스타쉽 신인 걸그룹 비주얼 차이,https://www.youtube.com/shorts/VBH5hXhIgTs,2025-03-06,393087,36,#shorts #아이돌 #스타쉽 #SM #하츠투하츠 #키키 #아이브 #에스파 #신인 #여자아이돌 #여돌
보법이 다르다는 제니 코첼라 반응,https://www.youtube.com/shorts/CFgGzFEdf-I,2025-04-16,392805,34,#shorts #제니 #코첼라 #jennie #blackpink #리사 #로제 #블랙핑크
여돌들이 많이 먹어도 '살 안찌는 이유',https://www.youtube.com/shorts/iy3i2bU3uy0,2025-09-01,387795,28,#shorts #아이돌 #다이어트 #에스파 #베이비몬스터 #아현 #먹방
연습생활 긴 YG에서 바로 데뷔하는 방법?,https://www.youtube.com/shorts/5NkgQHE-4qw,2026-02-16,382281,35,#yg #양현석 #연습생 #블랙핑크 #아이돌 #빅뱅 #지드래곤 #오디션 #GODEBUT
4세대 아이돌 중 유독 SM만 못한다는 '이것',https://www.youtube.com/shorts/tr-Kt2MK1PA,2025-09-23,382155,28,#shorts #SM #JYP #YG #아이돌 #4세대 #스키즈 #SKZ #있지
방송에서 대놓고 썸 타는 아이돌,https://www.youtube.com/shorts/-BAkyAZ2U5g,2025-05-07,378234,39,#shorts #있지 #채령 #이무진 #리무진서비스 #itzy #연애 #커플
카톡 업데이트를 본 '아이돌 찐반응',https://www.youtube.com/shorts/68_pSfzrAHE,2025-09-29,374731,28,#카카오톡 #kakao #카톡 #txt #투바투 #이영지 #범규 #아이돌
3대 소속사 될 뻔했던 '중소 기획사',https://www.youtube.com/shorts/J2nma1xQHRk,2025-10-05,373388,24,#shorts #sm #yg #jyp #큐브 #아이돌 #장한음 #보이즈플래닛2 #투바투 #제베원 #올데프
일반인은 모르는 '아이돌 앞머리 고정법',https://www.youtube.com/shorts/ri1oYjySrAk,2025-05-10,373056,29,#아이돌 #앞머리 #레이 #아이브 #IVE #헤어스타일 #메이크업 #가발
아이돌이 성시경 노래 부르면 생기는 일,https://www.youtube.com/shorts/Qhn7M1M5HTM,2025-08-27,371397,41,#shorts #아이돌 #이창섭 #btob #비투비 #성시경 #한번더이별 #첫사랑엔딩
우즈 군복vs사복 분위기 차이,https://www.youtube.com/shorts/hOQxXvPw7d8,2025-09-11,370810,21,#shorts #우즈 #조승연 #woodz #drowing #드라우닝 #모델 #아이돌
콘서트하다 술 마셔버린 남자 아이돌,https://www.youtube.com/shorts/i6GWLjUnRXg,2025-10-24,365488,28,#shorts #세븐틴 #seventeen #민규 #아이돌
요즘 5세대 여돌들이 '잘생겨진 이유',https://www.youtube.com/shorts/wzFED92gQ-c,2025-12-24,365478,29,#shorts #남자아이돌 #여자아이돌 #아이돌 #베돈크 #베이비돈크라이
SM 데뷔조에 뽑히면 생기는 일,https://www.youtube.com/shorts/SfJQPSdFrFo,2025-10-06,361211,29,#shorts #sm #데뷔 #아이돌 #에스파 #카리나 #aespa
광복절에 진심인 올데프 타잔 행동,https://www.youtube.com/shorts/eBAHqb90tBQ,2025-08-19,360842,36,#shorts #alldayproject #타잔 #올데프 #올데이프로젝트 #아이돌
아이돌이 외로운 직업인 이유,https://www.youtube.com/shorts/JcNfAZhQir0,2025-04-15,360158,30,#shortsyoutube #shorts #아이돌 #콘서트 #GD #IVE #아이브 #에스파 #블랙핑크
잠 못 자는 아이돌이 겪는다는 '심각한 부작용',https://www.youtube.com/shorts/IA9qmD3NiY0,2026-01-21,359550,26,#shorts #남자아이돌 #여자아이돌 #아이돌 #윈터 #카리나 #에스파 #리즈 #장원영 #아이브 #설윤 #엔믹스 #NMIXX #채령 #있지 #츠키 #빌리
여자 아이돌이 '머리숱 없으면' 생기는 일,https://www.youtube.com/shorts/NI3BG6MA07M,2025-06-02,359164,32,#shorts #원희 #아일릿 #머리 #머리숱 #탈모 #헤어
아이돌이 목욕탕에서 '팬 마주쳤을 때',https://www.youtube.com/shorts/LXUnUlrKMvw,2025-09-07,358559,37,#shorts #아이돌 #목욕탕 #투바투 #txt #수빈 #tomorrow_x_together
테토남 같지만 에겐남이라는 '남자 아이돌',https://www.youtube.com/shorts/stinmw-yBMI,2025-06-27,358200,28,#shorts #에이티즈 #최산 #테토남 #에겐남 #ateez #북부대공
눈물없인 못 보는 아이돌 데뷔 후 변화,https://www.youtube.com/shorts/Te86msN6MAI,2025-03-18,357186,30,#아이돌 #shorts #txt #투바투 #BTS #세븐틴 #seventeen #투모로우바이투게더
3대 소속사별 연습생 다루는 방법,https://www.youtube.com/shorts/9u2yXvdXWhk,2025-03-22,356205,39,#shorts #에스파 #sm #jyp #yg #아이돌 #케이팝 #연습생 #여자아이돌 #남자아이돌
한국에만 있다는 특이한 음악방송 문화,https://www.youtube.com/shorts/Da1eu5KTFKA,2025-08-25,356081,30,#shorts #아이돌 #음악방송 #음악중심 #인기가요 #뮤직뱅크
유독 JYP 아이돌만 서사가 가득한 이유,https://www.youtube.com/shorts/NEjFAMqE9Z8,2025-11-05,355704,33,#shorts #아이돌 #jyp #박진영 #엔믹스 #데이식스 #스트레이키즈
의외라는 하이브 '매출 1위' 아이돌,https://www.youtube.com/shorts/8KcuiWcSjC4,2025-11-21,352405,30,#shorts #아이돌 #hybe #뉴진스 #코르티스 #bts #아일릿 #르세라핌
2천원밖에 안 한다는 '지드래곤 콘서트',https://www.youtube.com/shorts/NI0Lha2hV3Q,2025-11-18,352394,23,#shorts #GD #지드래곤 #아이돌 #권지용 #빅뱅
공연 중 패배 이름 발견한 GD 반응,https://www.youtube.com/shorts/A9WGHiar-cE,2025-08-15,351525,12,#shorts #GD #지드래곤 #지디 #아이돌 #빅뱅
레전드 아이돌이 걸그룹 만들면 생기는 일,https://www.youtube.com/shorts/Lj4ZfiigoOw,2025-03-06,350189,37,#shorts #여자아이돌 #여돌 #걸그룹 #saymyname #세이마이네임 #김재중
JYP가 최초로 도입했다는 '이것',https://www.youtube.com/shorts/sVhGS7HfCTo,2025-11-17,342503,19,#shorts #jyp #아이돌 #박진영 #트와이스 #데이식스 #엔믹스 #스트레이키즈
같은 듯 전혀 다른 '아이돌vs배우' 메이크업,https://www.youtube.com/shorts/t48ennhdv_s,2025-10-22,340959,28,#shorts #아이돌 #배우 #메이크업 #카리나 #에스파 #박하선 #에이오유 #아비브 #디어달리아
아이돌이 직접 밝힌 '비주얼 센터 조건',https://www.youtube.com/shorts/k21-x8fyWWI,2025-06-15,340791,31,#shorts #아이돌 #비주얼 #비주얼센터 #라이즈 #원빈 #김재중 #샤이니 #민호
SM 아이돌과 결혼하는 방법?,https://www.youtube.com/shorts/G_M2PNaW8GM,2025-10-08,333740,29,#shorts  #sm #아이돌 #에스파 #라이즈 #하츠투하츠
The reason Nmix Lily kept a straight face throughout the broadcast,https://www.youtube.com/shorts/S_dEnU9dA-g,2026-01-24,332769,31,#shorts #남자아이돌 #여자아이돌 #아이돌 #엔믹스 #릴리 #오해원 #설윤
아이돌이 아픈 채 공연하면 생기는 일,https://www.youtube.com/shorts/xcdxcgc05rM,2025-07-03,331646,25,#shorts #몬스타엑스 #기현 #유기현 #monstax #몬엑
'제대로 이 갈고 나온' 아이들 컨셉,https://www.youtube.com/shorts/P1_YRdwFze0,2026-01-24,328934,23,#shorts #남자아이돌 #여자아이돌 #아이돌 #아이들 #IDLE #큐브 #전소연
일반인 시절 기억이 '없는 아이돌',https://www.youtube.com/shorts/tsFKEEanMvk,2025-09-27,328869,34,#shorts #아이돌 #일반인 #데뷔 #연습생
'과거vs현재' 달라진 음악방송 심의 비교,https://www.youtube.com/shorts/_juwFQ-arTA,2025-10-17,326567,22,#shorts #아이돌 #에이티즈 #최산 #제로베이스원 #성한빈
아이돌이 외모를 위해 꼭 지킨다는 '이것',https://www.youtube.com/shorts/4_4WpWxSvHU,2025-11-28,325468,29,#shorts #남자아이돌 #여자아이돌 #아이돌 #프미나 #이사배 #올데프 #에스파
넘사벽이라는 아이돌 비행기 마일리지,https://www.youtube.com/shorts/V67qXYvVkFU,2026-02-01,321720,29,#shorts #남자아이돌 #여자아이돌 #아이돌 #라이즈 #성찬 #현진 #스트레이키즈 #지드래곤 #지디 #빅뱅 #제이홉 #BTS #효연 #소녀시대 #보아
애호박 팔러 다닌다는 남자 아이돌,https://www.youtube.com/shorts/55gS8svq0a8,2025-07-10,320981,30,#shorts #투바투 #txt #tomorrow_x_together #투모로우바이투게더
생각보다 간단한 '아이돌 얼굴되는 방법',https://www.youtube.com/shorts/hP3QppA0Fnc,2025-10-05,317881,32,#shorts  #아이돌 #외모 #ive #원영 #장원영 #코디 #다이어트 #여자아이돌
단어 하나 때문에 느낌 확 달라진 아이돌 노래,https://www.youtube.com/shorts/HzGc60JdZFk,2026-01-22,317314,26,#shorts #남자아이돌 #여자아이돌 #아이돌 #지디 #지드래곤 #빅뱅 #태양 #베이비몬스터 #아현 #파리타 #아이브 #장원영
미미미누랑 원수졌다는 걸그룹,https://www.youtube.com/shorts/jrAtdCK2-lg,2025-07-01,309856,38,#shorts #미미미누 #프미나 #프로미스나인 #아이돌
너무 다르다는 올데프vs소속사 추구미,https://www.youtube.com/shorts/U9QAei5c1kU,2025-08-14,306874,22,#shorts #올데이프로젝트 #alldayproject #타잔 #우찬 #테디
아이돌 사이에도 있다는 '급 나누기',https://www.youtube.com/shorts/zQZUvwZPwDw,2025-12-22,305809,26,#shorts #남자아이돌 #여자아이돌 #아이돌 #에이티즈 #ATEEZ #최산 #김세정
하이브가 놓쳐버린 '연습생들 근황',https://www.youtube.com/shorts/TPSIiNzUZ18,2025-08-16,304889,24,#shorts #하이브 #hybe #아이돌 #우찬 #영서 #아일릿 #올데프 #올데이프로젝트
아이돌들이 성형없이 '분위기 바꾸는 법',https://www.youtube.com/shorts/rBbYUVqZn1Q,2026-01-27,302307,20,#shorts #남자아이돌 #여자아이돌 #아이돌 #백지헌 #프로미스나인 #프미나 #프나
무대가 안 보였다는 블랙핑크 콘서트,https://www.youtube.com/shorts/PE_2QIXCkN0,2025-07-07,301592,35,#shorts #블랙핑크 #콘서트 #블핑 #아이돌 #blackpink
퀄리티 안 좋아서 논란인 아이돌 굿즈,https://www.youtube.com/shorts/mIMov6Z-eVc,2025-08-13,301531,24,#shorts #아이돌 #굿즈 #엔하이픈 #enhypen
영원히 못 보게 된 2025 MAMA 역대급 무대,https://www.youtube.com/shorts/T9pir9-uWL4,2025-12-02,298683,28,#shorts #남자아이돌 #여자아이돌 #아이돌 #케데헌 #헌트릭스 #kpopdemonhunters #라이즈 #보넥도 #투어스 #제베원 #베몬 #golden
BTS 진 콘서트에 등장한 '의외의 게스트',https://www.youtube.com/shorts/TOFEEXYaMLc,2025-11-07,296597,30,#shorts #BTS #진 #아이돌 #방탄소년단
콘서트 티켓값이 비싸진 진짜 이유,https://www.youtube.com/shorts/SFMc8bL3huI,2025-09-08,294207,29,#shorts #아이돌 #콘서트 #공연 #티켓 #하이브 #hybe #엔하이픈
지드래곤이 120%로 연말무대 하면 생기는 일,https://www.youtube.com/shorts/H4RWd6decOI,2025-12-23,292787,36,#shorts #남자아이돌 #여자아이돌 #아이돌 #지드래곤 #지디 #빅뱅
고연차 아이돌이 음악방송 싫어하는 이유,https://www.youtube.com/shorts/Vs53BbYlvlQ,2025-03-24,290841,40,#아이돌 #shorts #음악방송 #음방 #태연 #소녀시대 #블랙핑크 #제니 #챌린지
1000만원까지 올랐다는 '티켓 가격'?,https://www.youtube.com/shorts/3uyduI_1wEo,2025-09-22,290804,33,#shorts #아이돌 #콘서트 #공연 #업자 #아이브 #에스파 #nct
마마 이후 NCT 팬들이 서로 싸운 이유,https://www.youtube.com/shorts/2WE_pPWDwYs,2025-12-03,286626,30,#shorts #남자아이돌 #여자아이돌 #아이돌 #nctwish #mama
CG 없이 전부 실제로 촬영한 '아이돌 뮤비',https://www.youtube.com/shorts/oRHGwCg-4oE,2025-10-11,284589,26,#shorts #아이돌 #뮤직비디오 #mv #아일릿 #에스파 #aespa
여자 아이돌이 성인이 되면 생기는 일,https://www.youtube.com/shorts/nVFGS7pSu7k,2025-05-26,284030,38,#shorts #장원영 #ive #리즈 #아이브 #홍은채 #아린 #오마이걸 #르세라핌
이번 MAMA에서 유독 '화제 된 순간들',https://www.youtube.com/shorts/abnh4l3a1Z8,2025-12-02,281871,28,#shorts #남자아이돌 #여자아이돌 #아이돌 #마마 #mama #스키즈 #라이즈 #올데프
눈을 어디에 둘지 모르겠는 '아이돌 안무',https://www.youtube.com/shorts/ft-QvM7RJO0,2025-05-24,280662,28,#shorts #아이돌 #안무 #투바투 #txt #lovelanguage #연준 #ggum #원어스
생각보다 저렴한 여돌의 외모관리 비법들,https://www.youtube.com/shorts/2cLcp0HWtV4,2025-06-28,280612,30,#shorts #여자아이돌 #아이돌 #ive  #이사배 #라곰 #카리나 #에스파 #프로미스나인 #이채영
엑소 무대 보던 아이돌이 '표정 굳어버린 이유',https://www.youtube.com/shorts/OdE-xOIkvKo,2025-12-25,276167,27,#shorts #남자아이돌 #여자아이돌 #아이돌 #엑소 #exo #으르렁
The member of IVE who looks the most different in person than expected,https://www.youtube.com/shorts/x9oVnaBzoxQ,2026-03-18,275744,22,#아이브 #레이 #IVE #원영 #가을 #리즈 #유진 #이서
여돌들이 직접 겪은 '다이어트 부작용',https://www.youtube.com/shorts/wYdBdMNzI2Y,2025-07-19,275574,24,#shorts #다이어트 #여자아이돌 #운동 #헬스 #걸그룹
아이돌이 직접 폭로한 '데이트 코스',https://www.youtube.com/shorts/exEZ0YHZ-_0,2025-09-07,274429,38,#shorts #아이돌 #skz #스트레이키즈 #필릭스 #데이트 #스키즈
성장기 아이돌을 데뷔시키면 생기는 일,https://www.youtube.com/shorts/UeS3lR5ytMM,2025-09-15,273775,21,#shorts #아이돌 #하츠투하츠 #아일릿 #원희 #이안 #예온 #사쿠야 #엔시티위시 #엔위시 #nctwish
소속사에서 취업사기 당한 아이돌들,https://www.youtube.com/shorts/mCcuG3ZFdzE,2025-04-30,273603,37,#아이돌 #취업사기 #트리플에스 #앤팀 #에스파 #shorts #취업 #김유연
유독 정수기에서 이상한게 나온다는 SM,https://www.youtube.com/shorts/qFd8fonFMrI,2025-07-20,272318,20,#shorts #정수기 #아이돌 #sm #연습생 #nct #라이즈
8년만에 이름 되찾은 남자 아이돌,https://www.youtube.com/shorts/wwZUjOO8PeU,2025-04-15,268555,42,#하이라이트 #비스트 #BEAST #양요섭 #윤두준 #이기광 #손동운 #없는엔딩
장원영이 방송 중 대놓고 잔 이유,https://www.youtube.com/shorts/GnyhjXL6rw4,2025-09-01,266401,19,#shorts #아이브 #ive #장원영 #원영 #전과자
무시당해온 아이돌이 살아남은 방법,https://www.youtube.com/shorts/iiuOef3J_-4,2025-10-27,263188,38,#shorts #샤이니 #키 #아이돌 #sm
아이돌이 꼭 하나씩 들고 다닌다는 '이것',https://www.youtube.com/shorts/KNG5IOTdt-c,2026-02-27,262175,26,"#아이돌 #디카 #가방 #렌즈 #프미나 #이채영 #백지헌   오늘 영상은 아이돌의 필수템에 대해 다뤄보았습니다.  단순 전달을 넘어 제작자가 직접 느낀 아이돌이 외적으로 중요하게 생각하는 아이템을 중점적으로 구성했습니다.  본 영상은 공신력 있는 언론 및 공식 매체의 보도 내용을 기반으로, 제작자의 독창적인 큐레이션과 대중문화적 관점의 분석을 더해 재구성한 정보성 콘텐츠입니다."
'과거vs현재' 아이돌 숙소 비교,https://www.youtube.com/shorts/FIj5nHUR7HM,2025-07-30,261988,15,#shorts #아이돌 #숙소 #올데프 #alldayproject #세븐틴 #제베원 #뉴진스 #bts
GD가 밝힌 빅뱅이 '아육대에 안 나간 이유',https://www.youtube.com/shorts/R_SfboY7HJ0,2026-02-16,259963,28,#아육대 #지드래곤 #빅뱅 #아이돌 #bigbang #빅뱅
투바투가 결국 뉴스에 나온 이유,https://www.youtube.com/shorts/fkNc_LsMw7I,2025-07-23,258788,28,#shorts #투바투 #투모로우바이투게더 #수빈 #뉴스 #아이돌
아이돌 때문에 탄생한 '가을 패션템들',https://www.youtube.com/shorts/TOE6x3ipRwo,2025-09-19,252631,34,#가을 #코디 #아이돌 #shorts #올데프 #올데이프로젝트 #애니 #프로미스나인 #베이비몬스터
고칼로리라는 아이돌 '다이어트 식단',https://www.youtube.com/shorts/ci_1W59mkfc,2025-06-05,252464,32,#shorts #아이돌 #원희 #아일릿 #다이어트 #아이들 #소연 #채령 #권은비 #부승관
SM가수들이 피해다니는 아이돌,https://www.youtube.com/shorts/uhFLCPIClLQ,2025-07-15,250180,27,#shorts #sm #라이즈 #성찬 #샤이니 #민호 #엑소 #카이 #최강창민
대참사 그 자체라는 에스파 대학 축제,https://www.youtube.com/shorts/KoOgYRjRRgo,2025-05-21,247149,33,**본 영상은 특정 업체를 지칭하지 않습니다**  #shorts #에스파 #대학축제 #aespa #카리나 #닝닝 #지젤 #윈터
의외로 대학교 축제 처음이라는 아이돌,https://www.youtube.com/shorts/K9YCD82r0uY,2025-05-24,246653,20,#아이돌 #shorts #대학축제 #축제 #대학교축제 #수빈 #txt #투바투
춤 못추면 '맞았었다는' 남자 아이돌,https://www.youtube.com/shorts/kWzsuew63S4,2025-08-21,243389,41,#shorts #투바투 #txt #투모로우바이투게더 #tomorrow_x_together
역대급 위험하다는 뮤직비디오 촬영현장,https://www.youtube.com/shorts/bUsDbTETfVw,2025-07-03,243365,22,#shorts #올데프 #alldayproject #올데이프로젝트 #영서 #타잔 #애니 #우찬 #베일리
첫 라방에서 사고친 올데프 우찬 반응,https://www.youtube.com/shorts/jWi8e9QhMOg,2025-08-16,242979,18,#shorts #라이브방송 #라방 #올데이프로젝트 #alldayproject #올데프 #우찬 #애니 #영서 #타잔 #베일리
지금은 없어진 심각한 '아이돌 악습',https://www.youtube.com/shorts/ziIfBW_DnCM,2026-01-06,241890,18,#shorts #남자아이돌 #여자아이돌 #아이돌 #방탄소년단 #진 #인피니트 #b1a4 #아이즈원 #장원영 #에스파 #라이즈
SM 최초로 기록 세운 남자 아이돌,https://www.youtube.com/shorts/qZhKG7r1RhE,2025-07-12,241488,28,#shorts #superjunior #슈주 #슈퍼주니어 #아이돌 #SM
같은 그룹인데 기획사가 다른 아이돌,https://www.youtube.com/shorts/nj1PMJrKa1g,2025-04-14,238941,43,#shorts #엑소 #exo #소녀시대#샤이니 #shinee #슈퍼주니어#아이돌 #기획사 #소속사 #투피엠
'아무도 몰랐던' 우즈 역주행의 비밀,https://www.youtube.com/shorts/a4GUtEI34bw,2025-09-25,238293,23,#shorts #우즈 #역주행 #아이돌 #drowing #드라우닝 #조승연
서바이벌 프로그램이 절대 '안 망하는 이유',https://www.youtube.com/shorts/60LglFuePpE,2026-01-11,237566,24,#shorts #남자아이돌 #여자아이돌 #아이돌 #알디원 #알파드라이브원 #아이오아이 #전소미 #아이즈원 #장원영 #아일릿 #원희 #사쿠라 #르세라핌  #워너원 #김재환 #제베원 #제로베이스원 #성한빈 #설윤 #엔믹스
한 번쯤은 꼭 걸린다는 아이돌 대표 질병들,https://www.youtube.com/shorts/7QFGLgs5Ffk,2026-01-28,236454,29,#shorts #남자아이돌 #여자아이돌 #아이돌 #엑소 #찬열 #키키 #엔시티위시 #장현승 #용준형
에스파한테 인터뷰 시키면 안 되는 이유,https://www.youtube.com/shorts/aXh0566FGPs,2025-03-02,234483,40,#에스파 #윈터 #aespa #카리나 #지젤 #닝닝 #shorts #인터뷰 #MC #아이돌
"Enmix's ""How to Eliminate Lip-Syncing Controversy"" Overseas",https://www.youtube.com/shorts/ugYTLx0mhnM,2026-03-07,234042,30,#엔믹스 #아이돌 #립싱크 #nmixx
여돌들이 착용해서 유명해진 '의외의 브랜드들',https://www.youtube.com/shorts/KTdatKCPNu8,2025-12-18,233568,27,#shorts #남자아이돌 #여자아이돌 #아이돌 #MLB #카리나 #장원영
드디어 엔믹스에 이어 '좋은 곡 받은 있지',https://www.youtube.com/shorts/IcE_9H947JU,2025-11-13,232848,36,#shorts #nmixx #아이돌 #있지 #itzy #터널비전 #jyp
갑자기 새 멤버 추가 영입된 걸그룹,https://www.youtube.com/shorts/gl5hiXX0ePQ,2025-07-15,231613,26,#shorts #세이마이네임 #saymyname #여돌 #여자아이돌
아이돌이 연애하면 욕먹는 '진짜 이유',https://www.youtube.com/shorts/oNp1mBkwqUM,2025-10-08,230011,29,#shorts #아이돌 #스캔들 #열애설 #연애 #걸그룹
올데프 타잔이 무대에서 '정색한 순간',https://www.youtube.com/shorts/kyFI5PCT_2w,2025-11-18,225811,22,#shorts #alldayproject #올데프 #타잔 #올데이프로젝트 #영서 #아이돌
방송사고로 날아간 올데프 타잔 레전드 무대,https://www.youtube.com/shorts/787pugsgF08,2025-12-01,225724,21,#shorts #남자아이돌 #여자아이돌 #아이돌 #올데프 #올데이프로젝트 #타잔 #애니 #영서 #우찬 #베일리 #마마 #mama
인기 많은 아이돌의 '특이한 비결',https://www.youtube.com/shorts/qFlCW53JD_E,2025-07-19,222882,30,#shorts #아이돌 #원희 #illit #아일릿 #여자아이돌 #걸그룹
'BTS New Album Design' Finally Revealed,https://www.youtube.com/shorts/rwInuFTIkqY,2026-03-14,216190,23,#bts #방탄소년단 #방탄 #아미 #앨범 #컴백 #아리랑
'한vs중vs일' 에스파 연기 비교,https://www.youtube.com/shorts/x12T-spRuVY,2025-08-27,215735,37,#에스파 #aespa #연기 #닝닝 #지젤 #한국 #카리나 #윈터 #일본 #중국
아이돌이 촬영 중 '현타 오는 이유',https://www.youtube.com/shorts/HbQALl5n73M,2025-04-22,213557,28,#shorts  #르세라핌 #comeover #김채원 #보이넥스트도어 #보넥도
아이돌이 KBS에 못 나왔던 이유,https://www.youtube.com/shorts/IdiVWSGnteY,2025-10-17,213258,28,#아이돌 #KBS #연말무대 #부장뱅크 #shorts
'이것' 때문에 점점 망해간다는 케이팝,https://www.youtube.com/shorts/8HPuUeJbUjA,2025-10-06,210648,24,#shorts #아이돌 #케이팝 #kpop #에스파 #아일릿 #르세라핌 #아이브
아이돌한테 주접멘트 하면 안되는 이유,https://www.youtube.com/shorts/nDezQT8B7Is,2025-09-06,208693,37,#shorts #아이돌 #주접멘트 #남자아이돌 #여자아이돌 #홈마 #팬싸
아이돌들이 진상 대하는 방법들,https://www.youtube.com/shorts/JKKUcdyZDt8,2025-03-01,208026,43,#아이돌 #윈터 #에스파 #aespa #설윤 #엔믹스 #nmixx #뉴진스 #njz #민지 #혜인 #사생
YG 아이돌이 처음 앵콜하면 생기는 일,https://www.youtube.com/shorts/rgGGw91skOc,2025-11-19,207396,23,#shorts #YG #babymonster #베몬 #베이비몬스터 #올데프 #올데이프로젝트
CG없이 찍었다는 '개고생한 뮤비들',https://www.youtube.com/shorts/40MJ2DYuXh0,2025-11-20,205530,25,#shorts #아이돌 #뮤직비디오 #뮤비 #mv #르세라핌 #엔믹스
일본 아이돌들이 한국에 오는 이유,https://www.youtube.com/shorts/D8px0fsMnCA,2025-04-25,203537,27,#shorts #르세라핌 #사쿠라 #라이즈 #원빈 #트와이스 #사나 #츠키 #아이돌
이상한 방법으로 역주행 성공한 아이돌,https://www.youtube.com/shorts/1QQ8AbiIjd0,2025-12-16,203336,38,#shorts #남자아이돌 #여자아이돌 #아이돌 #킥플립 #계훈 #계랄
웃수저인거 드러난 여자 아이돌,https://www.youtube.com/shorts/Ay5I10tUStc,2025-05-06,201757,31,#이채연 #shorts #아이돌 #아이즈원 #웃수저
요즘 아이돌이 쓰러질 수밖에 없는 이유,https://www.youtube.com/shorts/CSf8vVub1e4,2026-01-12,201507,26,#shorts #남자아이돌 #여자아이돌 #아이돌 #아이브 #장원영 #에스파 #닝닝
아이돌이 직접 고른 '특이한 패션들',https://www.youtube.com/shorts/qypHBXz_Jaw,2025-06-20,200865,35,#shorts #아이돌 #패션 #엠제이드 #장원영 #아이브 #에이티즈 #최산 #스키즈
'분장에 가깝다는' 아이돌 메이크업의 실체,https://www.youtube.com/shorts/W_DYg9-VeLA,2026-01-23,197921,24,#shorts #남자아이돌 #여자아이돌 #아이돌 #원희 #카리나 #윈터 #아이유 #진서연 #장원영
피드백 반영속도 '역대급인' 아이돌,https://www.youtube.com/shorts/oj4GPUc-yHg,2025-09-28,197449,32,#shorts #피드백 #아이돌 #라이즈 #riize #sm
아이돌 역사상 '역대급 억까당한 멤버',https://www.youtube.com/shorts/vxKWQmp30Ac,2025-11-14,195302,37,#shorts #아이돌 #클유아 #closeyoureyes #클로즈유어아이즈 #전민욱
The reason Seol Yoon specifically chose JYP,https://www.youtube.com/shorts/5FG8I1jUMn0,2026-04-01,187601,21,#JYP #설윤 #아이돌 #데뷔 #NMIXX #엔믹스
아이돌들의 선거철 '대처 방법들',https://www.youtube.com/shorts/Dq-h1MsMEsA,2025-05-28,185989,27,#아이돌 #선거 #shorts #투바투 #에스파 #카리나 #수빈 #필릭스 #스키즈 #대선 #제베원
샤이니 때문에 고생길 열린 아이돌들,https://www.youtube.com/shorts/as7JTmqTBcU,2025-10-23,185546,31,#shorts #아이돌 #샤이니 #아육대 #sm #할로윈
보컬 일타강사라는 JYP 밴드 멤버,https://www.youtube.com/shorts/-qI70D9QhvQ,2025-04-12,182401,36,#JYP #엑스디너리히어로즈 #엑디즈 #밴드 #보컬 #아이돌
BTS랑 같이 군복무한 사람들의 후기,https://www.youtube.com/shorts/k6Okb2hQEP4,2025-06-18,181858,38,#shorts #BTS #방탄소년단 #방탄 #RM #뷔 #진 #정국 #제이홉 #군대
아이돌보다 잘 번다는 '환승연애 출연자들',https://www.youtube.com/shorts/5PCH7Oqpbb4,2026-02-26,181426,27,"#아이돌 #환승연애 #이나연 #곽민경 #성해은   오늘 영상은 환승연애 출연자들에 대해 다뤄보았습니다.  단순 전달을 넘어 제작자가 직접 느낀 출연 후의 평수익 변화를 중점적으로 구성했습니다.  본 영상은 공신력 있는 언론 및 공식 매체의 보도 내용을 기반으로, 제작자의 독창적인 큐레이션과 대중문화적 관점의 분석을 더해 재구성한 정보성 콘텐츠입니다."
Update on 'Dance Prodigy Na Ha-eun' Who Is Finally Debuting,https://www.youtube.com/shorts/zIX5jdWEGvU,2026-03-31,179830,24,#아이돌 #나하은 #연습생 #SM #스테이씨 #STAYC #걸그룹 #데뷔
영상 때문에 들통나버린 '아이돌 실제 성격',https://www.youtube.com/shorts/TVB6yvsFsi4,2025-11-02,173851,32,#shorts #아이돌 #성격 #장원영 #카리나 #아이브 #하츠투하츠 #이안
올데프 우찬이 무대에서 '깜짝 놀란 이유',https://www.youtube.com/shorts/n2U8pnQQ4oc,2025-07-29,173773,32,#shorts #올데프 #올데이프로젝트 #alldayproject #우찬 #쇼미더머니 #넉살 #한해
역대급 치열하다는 올해 MAMA 수상자,https://www.youtube.com/shorts/Z41Zrwi7zBE,2025-10-28,171152,26,#shorts #mama #시상식 #올데이프로젝트 #연말 #가요대전
세븐틴 때문에 싸움난 SM 아이돌,https://www.youtube.com/shorts/DhfzW80mvas,2025-08-24,169284,25,#shorts #슈퍼주니어 #세븐틴 #seventeen #아이돌
알고보면 더 충격적인 '장원영 일과',https://www.youtube.com/shorts/27IOPZJDaQc,2025-09-06,167558,31,#shorts #장원영 #아이브 #ive #컴백 #여돌 #걸그룹 #여자아이돌
아이돌끼리 느낀다는 '심각한 세대차이',https://www.youtube.com/shorts/BgYgp82ycFQ,2025-10-09,166732,38,#shorts #아이돌 #세대차이 #대성 #세븐틴 #빅뱅 #2세대 #슈퍼주니어
여자 아이돌이 이미지가 '확 바뀌는 이유',https://www.youtube.com/shorts/wLbq4-LU0qE,2026-02-08,166303,21,#레이 #아이브 #아일릿 #모카 #원희 #은하 #여자친구 #비비지
A male idol combination that has never been 'seen' on broadcast,https://www.youtube.com/shorts/SEDpFtkSDcU,2026-01-16,166171,23,#shorts #남자아이돌 #여자아이돌 #아이돌 #알파드라이브원 #알디원 #워너원 #강다니엘 #제베원 #박건욱
연차별로 춤선이 다른 'JYP 아이돌',https://www.youtube.com/shorts/TbXSEPGLF48,2025-11-05,163556,36,#shorts #jyp #엔믹스 #넥스지 #nexz #스트레이키즈 #창빈 #skz #지우 #출장십오야
아이돌이 보여주기 싫다는 반대쪽 얼굴,https://www.youtube.com/shorts/8p1tGtfAFnM,2025-12-31,163392,30,#shorts #남자아이돌 #여자아이돌 #아이돌 #이채영 #프미나 #백지헌
The reason Dayoung spent '10 hours' on her blonde hair,https://www.youtube.com/shorts/rTiMfi4Qkio,2026-04-10,162981,32,#다영 #우주소녀 #아이돌 #염색 #탈색 #Whatsagirltodo
세븐틴이 콘서트 내내 '기어다닌 이유',https://www.youtube.com/shorts/NYfk4oJ2zeg,2025-10-18,162332,30,#shorts #seventeen #세븐틴 #아이돌 #공연 #콘서트 #퍼포먼스
소속사랑 안전이별 한 아이돌,https://www.youtube.com/shorts/seT-JldhxwI,2025-04-20,162135,34,#아이돌 #더보이즈 #프로미스나인 #shorts #해체 #하이라이트
요즘 아이돌이 잠을 못자는 이유,https://www.youtube.com/shorts/tLpGLaHBAH8,2025-07-06,161936,31,#shorts #아이돌 #nct #마크 #챌린지 #nct127
아이돌이 분위기 바꿀 때 쓰는 '이것',https://www.youtube.com/shorts/D0f23GWRr9Q,2025-05-09,160175,28,#아일릿 #원희 #shorts #아이돌 #렌즈 #메이크업 #헤메코 #코디 #청하 #카리나 #에스파
공항 가면 '무조건' 볼 수 있다는 아이돌,https://www.youtube.com/shorts/xR_lhZpshZk,2025-09-12,160153,22,#shorts #아이돌 #에스파 #aespa #카리나 #윈터 #지젤 #닝닝
만우절만 되는 폭주하는 아이돌 홈마,https://www.youtube.com/shorts/j9bsN6uZXJQ,2025-04-02,159700,25,#만우절 #츠키 #빌리 #shorts #아이돌 #nct #태용 #홈마 #아이돌 #장원영 #AprilFoolsDay
'혜자다vs학대다' 말 나오는 아이돌 행사,https://www.youtube.com/shorts/2fz-Q-KB_IM,2025-09-04,159098,34,#shorts #아이돌 #엠넷 #전국반짝투어 #제베원 #txt #라이즈
드디어 발연기 탈출했다는 유노윤호,https://www.youtube.com/shorts/4Lg17OMT0hg,2025-07-23,156898,29,#shorts #발연기 #유노윤호 #동방신기 #정윤호 #윤호
의외로 서바이벌 출신이었던 아이돌,https://www.youtube.com/shorts/_5Si5Nyi_QA,2025-03-19,156159,32,#shorts #서바이벌 #아이돌 #몬엑 #monstax #주헌 #셔누 #민혁 #기현 #형원 #아이엠 #오디션
장원영이 방송 중 진심으로 삐진 순간들,https://www.youtube.com/shorts/2gGAaos5DBk,2025-06-13,153230,33,#shorts #장원영 #아이브 #ive #원영
드디어 각성했다는 '스우파 한국팀 무대',https://www.youtube.com/shorts/yO-RgCAsVBo,2025-06-18,151155,39,#스우파 #범접 #스트릿우먼파이터 #허니제이 #메가크루 #댄서 #shorts
콘서트 중인 '투바투한테 온 '연락들',https://www.youtube.com/shorts/IWDflymUbD0,2025-07-17,150834,26,#shorts #투바투 #txt #투모로우바이투게더 #tomorrow_x_together #아이돌
생각보다 심각한 '중소vs대형' 아이돌 현실,https://www.youtube.com/shorts/PhUb0Gly1z8,2026-01-04,150676,34,#shorts #남자아이돌 #여자아이돌 #아이돌 #소속사 #엔터테인먼트
드디어 추구미 이뤘다는 '아일릿 멤버',https://www.youtube.com/shorts/6ZVpty5ZdHM,2025-06-22,149791,28,#shorts #아일릿 #이사배 #원희 #메이크업 #아이돌
유독 반응 안 좋다는 '에스파 응원봉',https://www.youtube.com/shorts/06SgoAfMj6A,2025-08-22,149751,41,#shorts #에스파 #응원봉 #아이돌 #윈터 #닝닝 #지젤 #카리나
아이돌들이 야금야금 예뻐지는 이유,https://www.youtube.com/shorts/_lVubr4fHMc,2025-06-07,149537,26,#shorts #아이돌  #피부
Old-def Tarzan's face changes just by acting,https://www.youtube.com/shorts/OBbSdcmiqc0,2025-08-22,149369,28,#shorts #올데프 #alldayproject #올데이프로젝트 #타잔 #아이돌
전원 컨디션 난조라는 에스파 근황,https://www.youtube.com/shorts/MhIz8NhZpT4,2025-11-27,146485,28,#shorts #남자아이돌 #여자아이돌 #남돌 #여돌 #아이돌 #에스파 #aespa
시대를 너무 앞서간 '걸그룹 컨셉',https://www.youtube.com/shorts/FaeCWvzhMnM,2025-07-17,145874,34,#shorts #아이돌 #걸그룹 #여자아이돌 #여돌 #컨셉 #하이키 #뜨거워지자
남자 아이돌 캐스팅이 빡세진 이유,https://www.youtube.com/shorts/EoUMt26Ann8,2025-05-29,145025,29,#shorts #신인 #남자아이돌 #남돌 #아이돌 #김재중
밈잘알vs밈알못 아이돌 비교,https://www.youtube.com/shorts/rZAZPpUZyko,2025-07-14,144878,27,#shorts #아이돌 #밈잘알 #밈알못 #장원영 #샤이니
아이돌 1위 현장에 나타난 의외의 인물,https://www.youtube.com/shorts/tZlYf1nu8Io,2025-04-13,143134,28,#shortsyoutube #shorts #프로젝트7 #이수혁 #클로즈유얼아이즈 #클유아 #음악방송 #아이돌 #오디션
팬들 상대로 난리난 'MMA 티켓팅 논란?',https://www.youtube.com/shorts/3JKUDAhgtyo,2025-12-04,142882,24,#shorts #남자아이돌 #여자아이돌 #아이돌 #mma #멜론뮤직어워드 #멜론 #에스파 #아이브 #장원영
신세계에 이은 '떡볶이 수저' 아이돌?,https://www.youtube.com/shorts/dJxlSqIFeFo,2025-10-30,142482,21,#shorts #떡볶이 #신전떡볶이 #애니 #alldayproject #올데프 #아이돌
Enhypen member who suddenly left the group,https://www.youtube.com/shorts/W403fICjYzQ,2026-03-10,141418,34,#엔하이픈 #희승 #enhypen #아이돌 #빌리프랩
스타쉽이 뽑은 유일한 일본인 아이돌,https://www.youtube.com/shorts/iIet1UCGF8M,2025-04-10,140622,31,#키키 #스타쉽 #아이돌 #아이브 #레이 #장원영 #일본인 #ive
생각보다 체계적인 '아이돌 챌린지 문화',https://www.youtube.com/shorts/PA4DmVrarns,2025-06-01,139552,29,#아이돌 #챌린지 #shorts #인기가요 #뮤직뱅크 #엠카 #음악중심
일반인은 모르는 '아이돌 연애 루트',https://www.youtube.com/shorts/0Mw9TsViTt8,2025-06-10,139228,26,#아이돌 #연애 #shorts #열애설 #스캔들
유독 소속사한테 '차별받는 아이돌',https://www.youtube.com/shorts/d4GUSyYpOD8,2025-06-19,139008,26,#shorts #아이돌 #우주소녀 #크래비티 #스타쉽 #엔하이픈
달라진 아이들 재계약 전vs후,https://www.youtube.com/shorts/89aEowbdDUU,2025-05-30,138999,36,#shorts #아이들 #미연 #민니 #우기 #슈화 #소연 #큐브 #CUBE #여자아이돌
갑자기 컨셉 버려버린 아일릿 원희,https://www.youtube.com/shorts/w81utH-GAAA,2025-11-25,138884,24,#shorts #illit #아일릿 #원희 #빌리프랩 #notcuteanymore
How Idols Pull Off 'Worst Fashion',https://www.youtube.com/shorts/pAMg0WBokS0,2025-09-26,137119,26,#shorts #아이돌 #패션 #코디 #연예인
케이팝 아이돌이 한국을 떠나는 이유,https://www.youtube.com/shorts/o9MlWGnplGU,2025-05-14,134970,36,#shorts  #케이팝 #아이돌 #데이식스 #태연 #nct #nctwish #아이돌
충격적인 대성 '날 봐 귀순' 탄생 과정,https://www.youtube.com/shorts/p2_eUpQ31xw,2025-03-12,134271,48,#대성 #빅뱅 #지드래곤 #gd #bigbang #gdragon #아이돌 #shorts #날봐귀순
게임에서 만난 팬이랑 '밥 먹은 아이돌',https://www.youtube.com/shorts/1b7HwfVPyoE,2025-04-22,134103,31,#shorts #더보이즈 #선우 #theboys #아이돌 #게임
유독 광고주들이 좋아하는 '아이돌 멤버들',https://www.youtube.com/shorts/7k-OqFwo2cQ,2025-06-05,134057,34,#shorts #아이돌 #엔믹스 #아이브 #장원영 #ive #설윤
아이돌이 뼈저리게 후회하는 '이 행동',https://www.youtube.com/shorts/5FS_UAy7ZqM,2025-04-26,133741,35,#shorts #스트레이키즈 #skz #필릭스 #아이돌 #남자아이돌 #콘서트
유노윤호가 공식적으로 밝힌 '4번째 레슨',https://www.youtube.com/shorts/Hy1VT22z6q8,2025-07-29,133664,34,#shorts #유노윤호 #동방신기 #땡큐 #레슨 #아이돌
아이돌이 굳이 대학축제 나오는 이유,https://www.youtube.com/shorts/EDvfYIZ9hw0,2025-06-04,133431,29,#shorts #대학교 #축제 #대학축제 #txt #투바투 #아이브 #장원영 #엔믹스 #에스파
아이돌들이 다이어트 안 하는 이유,https://www.youtube.com/shorts/qxES4dw6DcU,2025-04-06,132412,25,#다이어트 #아이돌 #shorts #장원영 #지젤 #아이브 #카리나 #에스파 #윈터
장원영이 받았던 의외의 대접?,https://www.youtube.com/shorts/KAVhxpreeuY,2025-08-25,131798,27,#shorts #아이브 #장원영 #ive #원영 #롤라팔루자
윈터가 충격받은 '에스파 티켓팅 방법',https://www.youtube.com/shorts/4nxYBaHJ0xs,2025-04-17,130935,32,#윈터 #에스파 #티켓팅 #콘서트 #shorts #아이돌 #카리나 #닝닝 #지젤
차은우가 군입대 전 하고있는 것들,https://www.youtube.com/shorts/EM7SG1UiH0Y,2025-06-28,130331,22,#shorts #차은우 #아이돌 #군대
에스파만 가능하다는 '홍보 방법',https://www.youtube.com/shorts/RwyKIG9zRGg,2025-09-09,130313,29,#shorts #윈터 #지젤 #닝닝 #카리나 #에스파 #리치맨 #aespa #아이돌 #RichMan
너무 달라진 요즘 아이돌의 '연애방법',https://www.youtube.com/shorts/TvRiaFeECDQ,2025-11-16,129824,33,#shorts #아이돌 #연애 #엔믹스 #뉴진스 #있지 #르세라핌
신인vs고연차 녹음실 태도 차이,https://www.youtube.com/shorts/RqlkCA52pFk,2025-07-18,129764,32,#샤이니#shorts #아이돌 #녹음실 #이로하 #아일릿 #종현
박진영이 만들었다는 여자 박진영,https://www.youtube.com/shorts/mSZeC9ZsBaY,2025-12-06,129417,25,#shorts #남자아이돌 #여자아이돌 #아이돌 #안영빈 #박진영
김종국 결혼식에서 '약속 지킨 유재석',https://www.youtube.com/shorts/ssDyyAYuuhA,2025-09-18,128695,30,#shorts #런닝맨 #김종국 #유재석 #결혼식
역대급 선 넘었다는 SM 사생팬 근황,https://www.youtube.com/shorts/MoeuzoJnLq4,2025-07-21,128201,36,#shorts #SM #사생팬 #라이즈 #동방신기 #EXO #사생
JYP 출신이 직접 밝힌 '인성 교육 방법',https://www.youtube.com/shorts/r_YEfJnGiMc,2025-10-19,126912,30,#shorts #아이돌 #인성교육 #jyp #인성 #박진영 #트와이스 #엔믹스 #데이식스
The 'Baek Ji-heon atmosphere' is changing beyond recognition,https://www.youtube.com/shorts/tfBvuqAlLhQ,2026-04-17,126811,27,#프로미스나인 #프미나 #프나 #fromis_9 #백지헌
심의 때문에 '어이없게 바뀐' 노래 가사들,https://www.youtube.com/shorts/50oBBAzTd1Y,2025-12-15,125689,38,#shorts #남자아이돌 #여자아이돌 #아이돌 #노래가사 #bts
소속사마다 다른 '연습생 꾸미는 방법',https://www.youtube.com/shorts/HpysN9f8Am8,2025-08-04,125282,26,#shorts #yg #jyp #sm #cube #연습생 #아이돌 #소속사
카리나가 각막 찢어진 채 공연한 이유,https://www.youtube.com/shorts/beG2E1Rlpvk,2025-04-08,122853,30,#카리나 #각막 #아이돌 #에스파 #지젤 #닝닝 #윈터 #shorts
간절한 아이돌이 음방 출연하면 생기는 일,https://www.youtube.com/shorts/HbpsqZSGIjY,2025-04-05,121684,35,#리센느 #러브어택 #loveattack #음악방송 #아이돌 #shorts
2026년에 신비주의 컨셉으로 나온 아이돌?,https://www.youtube.com/shorts/XwzLuZHxIJc,2026-02-11,120344,31,#남돌 #남자아이돌 #데일리디렉션 #아이돌
아이돌 이름이 'ㅈ'인 이유,https://www.youtube.com/shorts/hQ9YZfNwpBY,2025-03-27,120286,37,#히토미 #saymyname #세이마이네임 #김재중 #동방신기 #아이돌
모든 무대마다 안무가 다른 카리나?,https://www.youtube.com/shorts/Bs4WO38XjDA,2025-09-13,118935,23,#shorts #카리나 #에스파 #aespa #아이돌 #리치맨 #닝닝 #지젤 #윈터
하이브 아이돌이 소속사 맥이는 방법,https://www.youtube.com/shorts/6HAPV-34qg4,2025-04-08,117795,33,#shorts #투바투 #수빈 #투모로우바이투게더 #txt #tomorrow_x_together #하이브
'10억vs10만원' 칸 영화제 아이돌 코디 차이,https://www.youtube.com/shorts/95Vy9gzam5Y,2025-07-25,117079,30,#shorts #아이돌 #코디 #에스파 #카리나 #윈터 #지젤 #닝닝 #한소희 #엠제이드
일반인들은 상상도 못할 '아이돌 관리법',https://www.youtube.com/shorts/H2tQ61d8AXc,2025-04-26,115687,34,#아이돌 #아이브 #에스파 #여자아이돌 #shorts #뷰티 #꿀템
아이돌 콘서트에 등장한 최고령 관객,https://www.youtube.com/shorts/7_m9vR9svOs,2025-07-24,115568,27,#shorts #몬스타엑스 #몬엑 #monstax #아이돌 #콘서트
만약 중소 아이돌이 SM에서 데뷔했다면?,https://www.youtube.com/shorts/QI23h_9CJa8,2026-02-06,115527,24,#shorts #여자아이돌 #아이돌 #키스오브라이프 #키오프 #벨
요새 남자들이 미친다는 츄 분위기 근황,https://www.youtube.com/shorts/zs9oDpObT9E,2025-08-07,114996,26,#shorts #츄 #chuu #김지우 #에겐녀 #테토녀 #분위기 #아이돌
"HYBE, the agency that's good for idols?",https://www.youtube.com/shorts/VUQ7eA13VD4,2026-04-08,114676,26,#아이돌 #하이브 #HYBE #투바투 #재계약 #세븐틴
팬 사진 몰래 찍고 '인증한 아이돌',https://www.youtube.com/shorts/8uJ0YQQNIBo,2025-09-04,113864,25,#shorts #사진 #아이돌 #뉴진스 #트와이스 #나연
아이돌 1명당 스탭 몇명이 필요할까?,https://www.youtube.com/shorts/SbVR0WdLnPk,2025-09-16,113278,23,#shorts #아이돌 #스탭 #아이브 #ive #장원영 #원영 #블랙핑크 #로제
숙취 가득한 것 같은 '아이돌 코디들',https://www.youtube.com/shorts/f8E7TeK8nXY,2025-06-17,112937,20,#shorts #아이돌 #코디 #숙취 #리허설 #에스파 #카리나
아이돌을 실제로 만나려면 '드는 비용',https://www.youtube.com/shorts/aO3_KTFQsjY,2025-08-07,112879,36,#shorts #아이돌 #콘서트 #블랙핑크 #트와이스 #아이브 #팬싸
Actions Lee Chan-hyuk took to save his younger sibling,https://www.youtube.com/shorts/oKnZ8X_KtQo,2026-04-02,112048,38,#악뮤 #AKMU #이찬혁 #이수현
차원이 아예 다르다는 아이돌들의 플러팅,https://www.youtube.com/shorts/KwQVZFFrsus,2025-12-13,111085,33,#shorts #남자아이돌 #여자아이돌 #아이돌 #장원영 #수지 #김지유 #덱스
특이한 4대 소속사별 구내식당,https://www.youtube.com/shorts/ex8YhUCqVOU,2025-04-06,110825,30,#shorts #SM #JYP #YG #HYBE #구내식당 #아이돌 #소속사 #에스파 #블랙핑크 #BTS
'과거vs현재' 달라진 남돌 메이크업 비교,https://www.youtube.com/shorts/zJCNyeH7RXU,2025-11-06,110538,19,#shorts #남자아이돌 #메이크업 #남돌 #아이돌
한국vs미국 음악방송 카메라 차이?,https://www.youtube.com/shorts/4s-isuTWp8M,2025-09-17,110112,33,#shortsyoutube  #에스파 #아이돌 #윈터 #카리나 #닝닝 #지젤 #aespa
김새론 때문에 '이것'까지 했던 원빈,https://www.youtube.com/shorts/4xt-w4zO-_o,2025-03-14,110053,36,#김새론 #원빈 #아저씨 #배우 #shorts #아이돌
올데프 애니가 갑자기 학교로 돌아간 이유?,https://www.youtube.com/shorts/vvlMlSiikHU,2026-01-15,110029,22,#shorts #남자아이돌 #여자아이돌 #아이돌 #올데프 #올데이프로젝트 #애니 #타잔 #베일리 #영서 #우찬
아이돌을 코앞에서 본 '일반인 반응',https://www.youtube.com/shorts/LjHwnleru3A,2025-08-20,109468,23,#shorts #아이돌 #에이티즈 #ATEEZ #최산
스타쉽에서 기대 안했던 '아이브 멤버',https://www.youtube.com/shorts/NWqwPlagzsg,2025-09-10,109456,40,#shorts #아이브 #ive #안유진 #아이돌 #유진 #장원영
드라마에서 상상하는 아이돌 콘서트vs현실,https://www.youtube.com/shorts/Fku6ZlZ6Cl0,2025-05-18,108743,31,#드라마 #아이돌 #콘서트 #공연 #사계의봄 #선업튀 #shorts #더보이즈  #이승협 #박지후 #하유준
SM이 할로윈 파티에 '유독 진심인 이유',https://www.youtube.com/shorts/A7NNPVotyhk,2025-10-24,108646,28,#shorts #아이돌 #할로윈 #sm #샤이니 #nct #에스파
앵콜 라이브로 실력 논란된 아이돌?,https://www.youtube.com/shorts/VOQw1w5qZWg,2025-09-20,106672,29,#shorts #승한 #승한앤소울 #라이브 #앵콜 #sm #WasteNoTime
아이돌이 나이보다 어려보이는 이유?,https://www.youtube.com/shorts/c0HUI1FIGkU,2026-02-10,106508,27,#아이돌 #동안 #외모 #메이크업 #아이브 #레이 #오마이걸 #유아 #윈터
아이돌 말 한마디에 '일어난 사건들',https://www.youtube.com/shorts/CES5QmKp8qw,2025-06-08,106397,31,#shorts #아이돌 #장원영 #아이브 #제니 #블랙핑크 #ive #하이디라오
생각보다 심하게 다친다는 'MV 촬영현장',https://www.youtube.com/shorts/OTQWnr7Jn3E,2025-11-14,106330,28,#shorts #아이돌 #연준 #뮤직비디오 #mv #txt #투바투 #투모로우바이투게더
남자 아이돌 기획한다는 '민희진 근황',https://www.youtube.com/shorts/B_MXHc7PzgY,2025-12-06,105729,27,#shorts #남자아이돌 #여자아이돌 #아이돌 #뉴진스 #민희진
옛날vs요즘 달라진 아이돌 품앗이,https://www.youtube.com/shorts/FQTW4wQ9pGg,2026-01-13,105290,23,#shorts #남자아이돌 #여자아이돌 #아이돌 #설윤 #엔믹스 #NMIXX #유나 #있지 #ITZY #슈퍼주니어 #희철 #김희철 #시원 #최시원 #예성 #종현 #샤이니 #온유 #이특
JYP에서 나온 '특이한 아이돌 컨셉',https://www.youtube.com/shorts/9kuCRl_Kbvc,2026-02-13,105095,35,"#JYP #더딴따라 #아이돌 #도드리 #국악 #여자아이돌   오늘 영상은 신인 아이돌인 도드리에 대해 다뤄보았습니다.  단순 전달을 넘어 제작자가 직접 느낀 국악, 판소리 등 JYP의 데뷔 시스템을 중점적으로 구성했습니다.  본 영상은 공신력 있는 언론 및 공식 매체의 보도 내용을 기반으로, 제작자의 독창적인 큐레이션과 대중문화적 관점의 분석을 더해 재구성한 정보성 콘텐츠입니다."
여자 아이돌의 '짧은 치마' 대처법,https://www.youtube.com/shorts/801vgKL0noY,2025-06-09,104411,26,#shorts #오마이걸 #러블리즈 #치마 #블랙핑크 #아이돌 #제니
아이돌 엄마들이 '직접 골라준 코디들',https://www.youtube.com/shorts/BRTIOhSWYlM,2025-09-05,103935,43,#shorts #아이돌 #코디 #윈터 #에스파 #아이브 #장원영 #ive #aespa
'겨울 남친룩' 제대로 보여주는 남돌,https://www.youtube.com/shorts/OjKixkvFIc8,2025-12-05,102577,26,#shorts #투어스 #코디 #아이돌 #tws #남돌 #남친룩 #남자친구
서바이벌 프로그램이 '인기 많은 이유',https://www.youtube.com/shorts/CdXHNcMWEWI,2025-10-15,102255,28,#shorts #알디원 #알파드라이브원 #아이돌 #보이즈플래닛 #보플2
SNS에서 정치 중립 지킨 아이돌들,https://www.youtube.com/shorts/vkLGnkR6NU4,2025-06-02,99404,24,#shorts #아이돌 #정치 #sns #대선 #이재명 #김문수 #이준석
김종국이 인정한 벌크업 남자아이돌,https://www.youtube.com/shorts/LwW_AvEm74Y,2025-04-22,98293,29,#김종국 #에이티즈 #최산 #shorts #헬스 #운동 #단백질 #닭가슴살 #아이돌
아이돌들의 셀프헤메vs샵헤메,https://www.youtube.com/shorts/vpwsmWuxoOk,2025-04-24,97872,28,#헤어 #메이크업 #아이돌 #에스파 #아이브 #태연 #카리나 #shorts
지드래곤이 하필 데이지를 좋아하는 이유,https://www.youtube.com/shorts/gBVFCdLfbk0,2025-03-15,97316,38,#gdragon #GD #지드래곤 #지디 #빅뱅 #아이돌 #bigbang
아이돌이 연애보다 조심한다는 '이것',https://www.youtube.com/shorts/sZplBfmx3O0,2025-09-10,96637,29,#shorts #아이돌 #열애설 #에스파 #아이브 #스포 #투바투
HYBE's recent busy status 'after Heeseung's departure',https://www.youtube.com/shorts/4uo8jSrBpUI,2026-03-13,96253,29,#희승 #아이돌 #엔하이픈 #enhypen #탈퇴
아이돌 개인정보가 유출되는 순간,https://www.youtube.com/shorts/QcqCCuoDp3o,2025-05-14,95921,26,#shorts #아이돌 #개인정보 #보안 #공항 #에스파 #하츠투하츠 #트와이스 #엑소
'Jebewon's Last Appearance' That Made Fans Weep,https://www.youtube.com/shorts/878GhHu-LIc,2026-03-17,95561,38,#ZB1 #제로베이스원 #성한빈 #장하오 #김규빈 #한유진 #보이즈플래닛
생각보다 진지하다는 ‘컨셉 바뀐 아일릿‘,https://www.youtube.com/shorts/OyGMpHrSRKY,2025-12-07,95089,24,#shorts #남자아이돌 #여자아이돌 #아이돌 #아일릿 #원희
아이돌이 예민해지면 생기는 일,https://www.youtube.com/shorts/xFUE7r0tjok,2025-04-01,94956,33,#아이돌 #투바투 #투모로우바이투게더 #txt #연준 #shorts #지드래곤 #세븐틴 #호시#seventeen
Japanese convenience store items highly praised by Japanese members,https://www.youtube.com/shorts/vJMvoLhCApQ,2026-03-05,94344,35,"#아이돌 #르세라핌 #카즈하 #레이 #아이브 #IVE #설윤 #원희   오늘 영상은 아이돌의 추천템에 대해 다뤄보았습니다.  단순 전달을 넘어 제작자가 직접 느낀 해외 관광 쇼핑과 아이돌의 추천템을 중점적으로 구성했습니다.  본 영상은 공신력 있는 언론 및 공식 매체의 보도 내용을 기반으로, 제작자의 독창적인 큐레이션과 대중문화적 관점의 분석을 더해 재구성한 정보성 콘텐츠입니다."
The reason mixed-gender groups disappeared in Korea,https://www.youtube.com/shorts/N1jWxF0V6PQ,2025-06-23,94274,25,#혼성그룹 #shorts #아이돌 #더블랙레이블 #테디 #미야오 #올데이프로젝트 #alldayproject
미국에서 인종차별 당하고 온 세븐틴?,https://www.youtube.com/shorts/uTsQoQwpjoE,2025-10-22,94210,32,#shorts #세븐틴 #부승관 #승관 #아이돌
여돌 가방에 무조건 있다는 ‘애착템들’,https://www.youtube.com/shorts/f-y_vTdjVF8,2025-05-16,93848,38,#카리나 #에스파 #로제 #블랙핑크 #스트레스볼 #아이돌 #shorts #꿀템 #쿠팡템
SM이 '비장의 무기로' 사용했던 아이돌,https://www.youtube.com/shorts/4GnlxbCep4c,2025-06-26,93340,39,#shorts #시아준수 #김준수 #xia #동방신기 #내가죽으려고생각한것은
의외로 카리나가 못한다는 '이것',https://www.youtube.com/shorts/7KU_ogxsDik,2025-05-25,91763,24,#shorts #아이돌 #카리나 #karina #에스파 #aespa #윙크 #윈터 #지젤 #닝닝
메이크업 전vs후 분위기 아예 다른 아이돌,https://www.youtube.com/shorts/Hu1gj69CyC4,2025-12-05,91247,25,#shorts #남자아이돌 #여자아이돌 #아이돌 #에스파 #카리나 #조유리 #권은비
아이돌팬vs야구팬이 싸우면 생기는 일,https://www.youtube.com/shorts/uMZnRV_pE2g,2025-08-26,90559,31,#shorts #동명이인 #아이돌 #야구 #프로야구
아이돌이 광고촬영 중 '곤란한 순간들',https://www.youtube.com/shorts/W0rZS9e8HaM,2025-06-09,90215,27,#shorts #아이돌 #카리나 #장원영 #영케이 #데이식스 #프로미스나인 #백지헌
연말 가요제에서만 볼 수 있는 아이돌 모습들,https://www.youtube.com/shorts/w_URJHbRF9c,2025-12-30,90173,26,#shorts #남자아이돌 #여자아이돌 #아이돌 #라이즈 #아이브 #엔위시 #riize #ive
유독 여자아이돌이 좋아한다는 '헤어스타일',https://www.youtube.com/shorts/vnpevYoQSGk,2025-07-31,89331,25,#shorts #아이돌 #여자아이돌 #헤어스타일 #코디 #아일릿
헝거게임으로 컴백하는 여자 아이돌,https://www.youtube.com/shorts/rSxCH6TRmvQ,2025-06-07,89323,26,#shorts  #있지 #itzy #헝거게임 #유나 #예지 #리아 #류진 #채령 #JYP
왜 이러는지 모르겠는 아이돌 행동들,https://www.youtube.com/shorts/C02wTFfGF18,2025-03-10,89272,27,#shorts #육성재 #세븐틴 #비투비 #txt #투바투 #셔누 #bts #뷔 #방탄소년단#아이돌 #몬스타엑스
아이돌이 광고에 진심이면 생기는 일,https://www.youtube.com/shorts/zFsIeQ0xlOw,2025-08-01,88852,33,#shorts #이창섭 #투바투 #txt #수빈 #몬스타엑스 #주헌
아이돌은 축의금을 얼마나 낼까?,https://www.youtube.com/shorts/ToqYtPEM5to,2025-10-27,88385,38,#shorts #아이돌 #축의금 #결혼 #에스파 #아이브 #엔믹스
The reason the rapper who ignored BTS apologized,https://www.youtube.com/shorts/k_9CZtgOerA,2026-04-20,87471,37,#BTS #아이돌 #방탄소년단 #래퍼 #RM #제이홉 #비프리
아이돌이 매니저없이 다니면 생기는 일,https://www.youtube.com/shorts/eHVcm9eiI4w,2025-12-14,87131,35,#shorts #남자아이돌 #여자아이돌 #아이돌 #세븐틴 #민규  #채연 #장원영 #임수정 #최민식 #배우
넘사벽이라는 한국 음악방송 카메라,https://www.youtube.com/shorts/0G8LKBIBnNE,2025-04-10,86885,24,#카메라 #빌보드 #에스파 #aespa #카리나 #윈터 #아이돌 #shorts
10년동안 발전한 아이돌 응원봉 근황,https://www.youtube.com/shorts/du51H2z8hMY,2025-03-11,86464,38,#아이돌 #응원봉 #NJZ #뉴진스 #지드래곤 #GD #빅뱅 #콘서트
아이돌이 퍼스널컬러 '신경 안 쓰는 이유',https://www.youtube.com/shorts/oxORo_lqAHw,2025-11-23,85501,30,#shorts #아이돌 #퍼스널컬러 #블랙핑크 #지수 #혜리 #올데프 #원희
선배 아이들이 '후배 대하는 방법들',https://www.youtube.com/shorts/Pw-DhEu0KAs,2025-05-14,85210,33,#shorts #슈퍼주니어 #아이돌 #세븐틴 #연태 #은혁 #하성운 #시상식
지드래곤 때문에 기분 나빴던 방시혁,https://www.youtube.com/shorts/EByZ3z7YsIg,2025-04-07,84462,23,#hybe #방시혁 #gd #지드래곤 #지디 #빅뱅 #하이브
아이돌 팬들이 진심으로 화나면 벌어지는 일,https://www.youtube.com/shorts/-eWL3HnwTnk,2025-07-26,83461,28,#shorts  #아이돌 #라이즈 #riize #데이식스 #day6 #몬스타엑스 #monstax
아이돌 메인보컬이 없어지면 생기는 일,https://www.youtube.com/shorts/r91FUrJYDeQ,2025-09-09,83302,29,#shorts #아이돌 #메인보컬 #슈퍼주니어 #보컬 #sm
아이돌 인이어가 망가지면 생기는 일,https://www.youtube.com/shorts/yfwftx7jV1s,2025-06-04,82943,32,#shorts #아이돌 #인이어 #에스파 #윈터 #대학축제 #aespa #제니
아이돌이랑 같이 일하면 생기는 일,https://www.youtube.com/shorts/1L8yxNewz9s,2025-07-27,82599,28,#shorts #아이돌 #빌리 #츠키 #워크돌 #워크맨 #챌린지
있지 댓츠노노가 '역주행한 진짜 이유',https://www.youtube.com/shorts/rAlRbZVQhBY,2026-03-25,81429,35,#있지 #ITZY #댓츠노노 #대추노노 #THATSNONO #챌린지 #JYP #역주행
백인보다 잘 어울린다는 아이돌 헤어스타일,https://www.youtube.com/shorts/_BXGhXeaBOs,2025-04-02,80422,36,#윈터 #금발 #에스파 #태연 #shorts #소녀시대 #로제 #블랙핑크 #blackpink
팬들이 재결합 원한다는 '아이돌 부부',https://www.youtube.com/shorts/xLoUUvctbS8,2025-12-19,80248,27,#shorts #남자아이돌 #여자아이돌 #아이돌 #조권 #가인
룰라팔루자 출연한다는 JYP 밴드,https://www.youtube.com/shorts/zbJx1jR2Oo8,2025-04-01,80077,46,#JYP #아이돌 #밴드 #엑디즈 #엑스디너리히어로즈 #룰라팔루자 #라이브 #공연 #콘서트
드디어 공개된 영케이의 '미공개곡',https://www.youtube.com/shorts/uS4LeqA3OWA,2025-05-17,79913,32,#shorts #영케이 #데이식스 #maybetomorrow #day6 #컴백 #밴드 #jyp
소속사 대표가 가수들로 사심채우는 방법,https://www.youtube.com/shorts/wmTqm7H8eb0,2025-05-23,79806,39,#shorts #소속사 #대표 #아이돌 #박진영 #원더걸스 #보넥도 #지코
Wanna One members' reaction to seeing fans for the first time in 7 years,https://www.youtube.com/shorts/G73H88vKjcQ,2026-04-08,79297,35,#아이돌 #워너원 #옹성우 #박지훈 #김재환 #프로듀스101
신인의 패기가 보인다는 키키 쌩라이브,https://www.youtube.com/shorts/uvxnYSoabHM,2025-03-07,79292,43,#키키 #라이브 #신인의맛 #KiiiKiii #스타쉽 #아이브 #ive #쌩라이브 #여돌 #여자아이돌 #아이돌
버즈 집어삼킨 육성재 근황,https://www.youtube.com/shorts/oN4j-qmjRxI,2025-05-08,79029,37,#육성재 #버즈 #민경훈 #비투비 #BTOB #락발라드 #거짓말
의외로 비싸다는 아이돌의 '필수 용품',https://www.youtube.com/shorts/sdwYM2H9chk,2025-12-10,78167,26,#shorts #남자아이돌 #여자아이돌 #아이돌 #아이유 #베이비몬스터 #르세라핌 #하츠투하츠 #블랙핑크
'감동적이거나 황당한' 아이돌 재계약 조건,https://www.youtube.com/shorts/_e3CyOFPNJs,2025-07-28,76157,32,#shorts #아이돌 #재계약 #슈퍼주니어 #슈쥬 #superjunior #아이들
Why idols are always followed by 'Eokkka',https://www.youtube.com/shorts/w7Yw9wCGAmw,2026-03-07,76154,38,#아이돌 #엔믹스 #프미나 #있지
등급으로 갈리는 '아이돌 명품 엠버서더',https://www.youtube.com/shorts/Z_WCZmEnKT8,2025-06-13,75801,31,#아이돌 #명품 #엠버서더 #제니 #김고은 #박서준 #shorts #샤넬 #프로미스나인 #프미나
'이것'까지 찍어버린 올데프 근황,https://www.youtube.com/shorts/TmQSSg0K5GQ,2025-11-20,75571,21,#shorts #alldayproject #올데프 #올데이프로젝트 #아이돌
아이돌끼리 텐션이 맞으면 생기는 일,https://www.youtube.com/shorts/IR_uuxb_IIg,2025-03-07,75484,42,#명재현 #보넥도 #boynextdoor #보이넥스트도어 #아이돌 #세븐틴 #청바지 #부석순
아이돌이 광고 천재면 생기는 일,https://www.youtube.com/shorts/zLBEar-U1Us,2026-02-06,75385,22,#투어스 #tws #아이돌 #화보 #광고 #남돌
연차별로 다른 아이돌 광고 모습들,https://www.youtube.com/shorts/3x4QcclPBKk,2025-07-11,75122,28,#shorts #아이돌 #이창섭 #프로미스나인 #프미나 #미야오 #카이
아이돌들이 제 나이로 안 보이는 진짜 이유,https://www.youtube.com/shorts/VMfeGQafIBk,2026-01-13,74833,26,#shorts #남자아이돌 #여자아이돌 #아이돌 #장원영 #아이브 #이즈나 #방지민 #진서연
퀸가비한테 제대로 당한 마크 챌린지ㅋㅋㅋㅋ,https://www.youtube.com/shorts/n0_SueoFmnE,2025-04-24,74306,33,#shorts #마크 #NCT #1999 #힙레 #챌린지 #댄스 #SM #nct127 #아이돌
예의없는 후배를 본 '아이돌 반응',https://www.youtube.com/shorts/xMDGmJ_FBC4,2025-10-22,73437,28,#shorts #명재현 #보넥도 #에이티즈 #최산 #아이돌
소속사가 데뷔시키려고 '싹싹 빈 아이돌',https://www.youtube.com/shorts/0pdCyRQgJhM,2025-10-15,71789,39,#shorts #아이돌 #소속사 #스트레이키즈 #skz #필릭스 #riize #라이즈 #원빈
유출된 영상이었던 SM 연습실 영상들,https://www.youtube.com/shorts/_T0YG6mhJvw,2026-03-01,71535,25,"#아이돌 #연습생 #SM #안무   오늘 영상은 안무 영상에 대해 다뤄보았습니다.  단순 전달을 넘어 제작자가 직접 느낀 안무 영상의 시작부터 어떻게 생겨났는지를 중점적으로 구성했습니다.  본 영상은 공신력 있는 언론 및 공식 매체의 보도 내용을 기반으로, 제작자의 독창적인 큐레이션과 대중문화적 관점의 분석을 더해 재구성한 정보성 콘텐츠입니다."
남자 아이돌 사이에서 유행중인 병,https://www.youtube.com/shorts/9Uk4WLyWda4,2025-03-23,71318,39,#남자아이돌 #남돌 #김재중 #동방신기 #남자병 #제로베이스원 #zb1 #성한빈 #shorts #차은우 #최산 #현재 #더보이즈 #민규 #세븐틴
갑자기 성숙해진 여자 아이돌 근황,https://www.youtube.com/shorts/EdYu4yLVmpw,2025-03-29,70518,33,#츄 #chuu #김지우 #여자아이돌 #아이돌 #여돌 #shorts
The reason idol fans gathered at the Han River,https://www.youtube.com/shorts/MeaxcDQi9iM,2025-05-28,70332,25,#shorts #한강 #세븐틴 #seventeen #쇼케이스 #잠수교 #아이돌
광고주들이 비싸도 '장원영을 찾는 이유',https://www.youtube.com/shorts/YVIuOdm3LBk,2025-08-09,70138,34,#shorts #아이브 #ive #장원영 #원영 #아이돌
제대로 미쳐버린 아이돌 야자타임,https://www.youtube.com/shorts/ACASuktYYIE,2025-03-31,69678,39,#김재중 #후이 #나우어데이즈 #CUBE #큐브 #야자타임 #아이돌 #shorts #펜타곤
몸값이 비싸도 아이돌을 '모델로 쓰는 이유',https://www.youtube.com/shorts/QMuoNhyjYHs,2026-01-18,69388,19,#shorts #남자아이돌 #여자아이돌 #아이돌 #카리나 #에스파 #투어스 #도훈
아이들 전소연이 멤버들 다루는 방법,https://www.youtube.com/shorts/EhiNCB_5pPA,2025-04-04,69316,30,#여자아이들 #GIDLE #아이들 #전소연 #우기 #슈화 #민니 #미연
뇌절 수준으로 긴 아이돌 노래 제목들,https://www.youtube.com/shorts/vvr33UkqzMs,2025-06-04,69243,31,#shorts #txt #투바투 #투모로우바이투게더 #도영 #수빈 #잔나비 #아이돌
광고마다 바뀐다는 '카리나 외모',https://www.youtube.com/shorts/aFGUrw5v7zc,2025-06-27,67495,23,#AESPA #에스파 #카리나 #KARINA #SHORTS #아이돌
갑자기 '컨셉 싹 바꾼' 아일릿 근황,https://www.youtube.com/shorts/3BM1wfc1ZqQ,2025-11-26,67303,25,#shorts #아일릿 #illit #슈퍼드라이 #코디 #컴백 #아이돌 #원희 #모카 #이로하 #윤아 #민주
연예인들이 AI를 극혐하는 이유,https://www.youtube.com/shorts/-ghObS7F5k4,2025-10-23,67198,24,#shorts #아이돌 #배우 #연예인 #AI #이정재 #이이경
아이돌이 많이 한다는 '의외의 사업들',https://www.youtube.com/shorts/Z5NdxvE-0Ug,2025-05-24,66635,26,#shorts #사업 #원소주 #지드래곤 #gd #샤이니 #key #박재범
너무 말라서 '이것까지' 한다는 요즘 남돌,https://www.youtube.com/shorts/lXRwj3sZcEk,2025-08-15,66242,30,#shorts #남자아이돌 #남돌 #다이어트 #아이돌
타투 많은 아이돌이 지우는 방법,https://www.youtube.com/shorts/cuvUBup_Low,2025-04-25,66010,30,#shorts #타투 #아이돌 #백예린 #문신 #bts #정국 #직캠 #채영 #트와이스
엔믹스 릴리 라이브 들은 미국인 찐반응,https://www.youtube.com/shorts/bzCP_s74vS8,2025-08-08,65638,32,#shorts #엔믹스 #nmixx #릴리 #애국가 #반응 #라이브
국뽕 차오른다는 최근 엔믹스 근황,https://www.youtube.com/shorts/BJj721TQDrY,2025-05-21,64691,32,#엔믹스 #도자캣 #메간 #메간트레이너 #망고탱고 #공연 #콘서트 #nmixx
GD가 팬들 사이로 들어간 이유,https://www.youtube.com/shorts/Q082eJRBPUw,2025-04-03,64530,28,#shorts  #gd #지드래곤 #gdragon #빅뱅 #bigbang #아이돌 #콘서트
여자 아이돌이 '탈모 극복한 방법들',https://www.youtube.com/shorts/uMDTEMwzg4Y,2025-06-11,64296,28,#shorts  #탈모 #아이돌 #여자아이돌 #여돌 #머리 #헤어스타일
카리나가 멤버들한테 서운한 이유,https://www.youtube.com/shorts/xWYZ10f-aeY,2025-04-14,63797,34,#shorts #카리나 #에스파 #콘서트 #윈터 #지젤 #닝닝
현실 아이돌보다 더 성공한 가짜아이돌,https://www.youtube.com/shorts/QiVsK40lkJs,2025-06-28,63232,34,#아이돌 #shorts #슬전생 #하이보이즈 #사자보이즈 #케이팝데몬헌터스
전소연도 당한 '중고거래 사기수법',https://www.youtube.com/shorts/OrMLJahqUgk,2025-05-20,63031,32,#중고나라 #중고거래 #번개장터 #전소연 #아이들 #사기 #아이들 #여자아이들 #GIDLE
The reason Yuqi left SM and went to Cube,https://www.youtube.com/shorts/V4Wrdj015x4,2026-03-31,62868,28,#우기 #아이돌 #큐브 #CUBE #SM #데뷔
아이돌이 항상 차는 '악세사리의 비밀',https://www.youtube.com/shorts/4fsoG0L7Caw,2025-05-12,62317,26,#riize #라이즈 #원빈 #세븐틴 #아스트로 #문빈 #차은우 #악세사리 #아이돌 #shorts
'100만원vs10만원' 아이돌 가을옷 차이,https://www.youtube.com/shorts/Qs2mxaZE3LU,2025-10-03,62076,29,#shorts #아이돌 #가을코디 #코디 #박보검 #라이즈 #원빈 #프로미스나인 #프미나
아이브만 가능하다는 '일본예능 대처법',https://www.youtube.com/shorts/Yo0n72PLu2c,2025-06-16,61182,27,#shorts #일본예능 #예능 #아이돌 #장원영 #ive #아이브 #안유진
아이돌이 원하는 광고 '따내는 방법',https://www.youtube.com/shorts/Y2dVw4o-3LI,2025-07-27,60716,29,#shorts #아이돌 #광고 #프로미스나인 #bts #백지헌 #프미나 #진
은은하게 돌아있다는 '아이돌 SNS',https://www.youtube.com/shorts/HTcAswlgKuE,2025-06-08,59868,46,#shorts #아이돌 #sns #nct #천러 #더보이즈 #theboys #nmixx #엔믹스
의외로 해외에서 국빈대접 받는 아이돌,https://www.youtube.com/shorts/LR6Xq5mavGo,2025-05-20,58368,37,#shorts #장원영 #ive #아이브 #아이돌
국뽕 제대로 찬다는 블랙핑크 코첼라,https://www.youtube.com/shorts/haNVQkDD9YU,2025-04-18,57990,30,#코첼라 #블랙핑크 #리사 #로제 #지수 #제니 #shorts #blackpink
장카설 비주얼급인 '5세대 여돌 특징',https://www.youtube.com/shorts/RTXtkgclnVc,2025-09-01,57530,24,#shorts #장카설 #장원영 #카리나 #설윤 #앳파트 #나현 #아현 #베이비몬스터 #베이비돈크라이 #이현
탈퇴하고 '생리대 사업' 시작한 남자 아이돌,https://www.youtube.com/shorts/E0cmdyPIN9c,2025-04-09,57195,30,#생리대 #엑소 #exo #사업 #아이돌 #남자아이돌 #shorts
이해인이 ‘키오프 이후’ 만든 아이돌,https://www.youtube.com/shorts/6HlUN1YNbFw,2025-11-01,56834,33,#shorts #이해인 #키스오브라이프 #클유아 #클로즈유어아이즈 #closeyoureyes #아이돌
닝닝이 6번이나 잃어버렸다는 '명품',https://www.youtube.com/shorts/OsadhQCbUEs,2025-05-27,54720,34,#shorts #닝닝 #아이돌 #에스파 #중고 #중고나라 #번개장터 #명품 #aespa
아이유가 가장 힘들었다던 '촬영 장면',https://www.youtube.com/shorts/3BHTCNzEeGI,2025-04-21,54685,30,#shorts #아이돌 #아이유 #폭싹 #박보검 #애순이 #폭싹속았수다 #김선호
투바투가 재계약을 못 할 뻔한 이유,https://www.youtube.com/shorts/4IAPXqwcqE8,2026-04-22,54203,32,#투바투 #TXT #재계약 #하이브 #하루에하루만더 #투모로우바이투게더 #tomorrow_x_together
아이돌의 신박한 앨범 홍보방법,https://www.youtube.com/shorts/MYUxLoz3QNo,2025-05-31,54090,33,#shorts #아이돌 #앨범 #도영 #NCT #에스파 #카리나 #윈터 #닝닝 #지젤
홈마들이 찍는 아이돌 사진의 비밀,https://www.youtube.com/shorts/5y_Nng94KBA,2025-08-17,53843,16,#shorts #라이즈 #은석 #아이돌 #사진 #홈마 #스키즈 #장원영
아이돌들이 지우고 싶어하는 흑역사들,https://www.youtube.com/shorts/oZdgZMVLAO0,2025-05-05,53655,35,#shorts #흑역사 #아이돌 #육성재 #bts #신동 #방탄소년단 #슈퍼주니어 #비투비
The reason Baek Ji-heon's sense was eventually recognized,https://www.youtube.com/shorts/US-49aJkLkk,2026-04-10,53624,27,#백지헌 #아이돌 #프로미스나인 #프미나 #프나 #헤메코
SM 전 직원들이 인정한 역대급 명곡,https://www.youtube.com/shorts/T5Cc8Ex5Hmc,2025-05-04,53527,36,#shorts #exo #엑소 #보아 #소녀시대 #NCT #엔시티위시 #아이돌 #닝닝 #에스파
일반인이 아이돌처럼 '셀카 찍는 방법',https://www.youtube.com/shorts/k575oAl1STQ,2025-05-15,53178,28,#에스파 #카리나 #셀카 #인스타 #지젤 #원희 #아일릿 #키스오브라이프 #하늘 #최예나 #아이돌 #shorts
'이것'까지 교육시킨다는 JYP,https://www.youtube.com/shorts/3fQboQtoppo,2025-04-28,53115,26,#JYP #연습생 #트와이스 #있지 #스트레이키즈 #SKZ #오해원 #엔믹스 #아이돌 #shorts
기획사 32곳에서 캐스팅당한 아이돌,https://www.youtube.com/shorts/LiCSbcn62Lo,2025-03-08,52512,35,#키키 #kiikii #하츠투하츠 #하투하 #스텔라 #이안 #여자아이돌 #sm #연습생 #오디션 #캐스팅
아이돌이 음방 전날 홈케어하는 방법,https://www.youtube.com/shorts/kVZjBd_tCNY,2025-08-29,52384,29,#shorts #아이돌 #홈케어 #음악방송 #올리브영 #여자아이돌
특이한 이름으로 재데뷔하게 된 승한 근황,https://www.youtube.com/shorts/0CmUgr7Rz7s,2025-07-31,51441,31,#shorts #승한 #승한앤소울 #sm #XngHan #아이돌
추위 많이 타는 카리나가 '겨울마다 입는 이것',https://www.youtube.com/shorts/PcqKMRsv4hw,2025-11-06,51208,22,#shorts #카리나 #aespa #에스파 #karina  #걸그룹 #여자아이돌
데뷔사기 피해자가 이갈고 만든 여자 아이돌,https://www.youtube.com/shorts/ea7CZWjJhdk,2025-07-26,51034,41,#shorts #이프아이 #류디 #BTS #엑소 #EXO #SM #연습생 #아이돌
테토남 상위 1%라는 남자 아이돌 뮤비,https://www.youtube.com/shorts/18fCQOj_PTo,2025-08-19,49493,28,#shorts #테토남 #상남자 #짐승돌 #monstax#몬스타엑스 #몬엑
아이돌이 팬을 보고 운 이유,https://www.youtube.com/shorts/S5PaCFkLNDg,2025-05-11,49058,31,#shorts #눈물 #명재현 #보넥도 #보이넥스트도어 #boynextdoor #장하오 #제베원 #zb1
'케데헌 올데프 GD까지' 모두 거쳐간 인물,https://www.youtube.com/shorts/A_elqYAKDTY,2025-08-18,48741,36,#shorts #빈스 #케데헌 #케이팝데몬헌터스 #올데이프로젝트 #alldayproject #gdragon #지디
전소연이 프로듀싱하는 신인 걸그룹,https://www.youtube.com/shorts/K5gTZYsIuhs,2025-05-28,48314,26,#shorts #전소연 #걸그룹 #여자아이돌 #qwer #아이들 #싸이 #아이돌
여돌들이 실제로 쓴다는 가성비 가방들,https://www.youtube.com/shorts/hiFIbCxGTzI,2025-08-22,47283,30,#shorts #가성비 #아이돌 #여돌 #여자아이돌 #윈터 #프로미스나인 #뉴진스
디테일이 남다른 '아이돌 메이크업의 비밀',https://www.youtube.com/shorts/7dx6eEA1Cxo,2026-02-28,47140,26,"#메이크업 #아이돌 #미주 #레이 #장원영  오늘 영상은 아이돌 메이크업에 대해 다뤄보았습니다.  단순 전달을 넘어 제작자가 직접 느낀 메이크업의 중요성과 진행 방법을 중점적으로 구성했습니다.  본 영상은 공신력 있는 언론 및 공식 매체의 보도 내용을 기반으로, 제작자의 독창적인 큐레이션과 대중문화적 관점의 분석을 더해 재구성한 정보성 콘텐츠입니다."
성별 따라 확 갈리는 '아이돌 제작자들',https://www.youtube.com/shorts/HlHS-XGze1A,2026-02-25,46597,25,"#shorts #아이돌 #세이마이네임 #보넥도 #지코 #김재중  오늘 영상은 아이돌 제작자에 대해 다뤄보았습니다.  단순 전달을 넘어 제작자가 직접 느낀 성별에 따른 차이점을 중점적으로 구성했습니다.  본 영상은 공신력 있는 언론 및 공식 매체의 보도 내용을 기반으로, 제작자의 독창적인 큐레이션과 대중문화적 관점의 분석을 더해 재구성한 정보성 콘텐츠입니다."
호불호 갈린다는 아이돌 데모곡 반응,https://www.youtube.com/shorts/0VK8KHaEkYA,2025-06-08,46374,37,#shorts #데모곡 #엔시티위시 #엔위시 #아일릿 #샤이니 #nct #스티커 #태용
아이돌 소속사가 위기를 기회로 만든 방법,https://www.youtube.com/shorts/lMxkHAuiHUU,2025-12-26,46279,22,#shorts #남자아이돌 #여자아이돌 #아이돌 #보이즈2플래닛 #최립우
아이돌보다 인기 많은 '아이돌 경호원',https://www.youtube.com/shorts/Y--LiFEQvwM,2025-05-26,45693,26,#shorts #경호원 #아이돌 #에스파 #르세라핌 #아이유 #챌린지
The 'reality of small and medium-sized idols' that it is now difficult to succeed,https://www.youtube.com/shorts/uqUeSG68bt8,2026-03-17,43739,36,#아이돌 #중소기획사 #sm #jyp #hybe #sm #yg
SM 대놓고 저격하는 아이돌,https://www.youtube.com/shorts/sYQ7NIhEOTs,2025-04-19,43195,36,#shorts #태연 #아이돌 #에스파 #소녀시대 #sm
오히려 좋은 무대 위 아이돌 실수들,https://www.youtube.com/shorts/nwjHGERIZeE,2025-03-03,41917,45,#세븐틴 #조슈아 #무대 #실수 #데이식스 #원필 #bts #rm #제이홉 #아이돌 #shorts
미쳐버린 제니 역조공 수준,https://www.youtube.com/shorts/ULIwC8dmcyE,2025-03-20,41864,32,#블랙핑크 #제니 #blackpink #jennie #역조공 #조공 #아이돌 #여자아이돌 #블핑
아이유만 가능한 인맥관리 방법,https://www.youtube.com/shorts/dCZaPXNPPbw,2025-04-02,41850,34,#shorts #있지 #유나 #itzy #아이돌 #여자아이돌 #아이유 #선물 #폭싹 #폭싹속았수다 #박보검
아이돌이 무대에서 '땀이 절대 안 나는 이유',https://www.youtube.com/shorts/FI2SzJtrHJE,2025-09-21,40338,33,#shortsvideo  #아이돌 #땀 #에스파 #윈터 #장원영 #카리나
탈퇴 후 다시' 재데뷔 준비중인 아이돌',https://www.youtube.com/shorts/gmmXaUQleoA,2025-06-12,40292,33,#shorts #복귀 #데뷔 #승한 #라이즈 #르세라핌 #김가람 #아이돌
궁금함 못 참는 아이돌의 최후,https://www.youtube.com/shorts/wfxrgj21go4,2025-04-06,40236,49,#shorts #더보이즈 #아이돌 #라이브 #선우 #kpop
The choreography that Jennie found particularly difficult(?),https://www.youtube.com/shorts/_Tgn2DAyt8M,2026-04-09,39498,29,#제니 #블랙핑크 #blackpink #안무
선 넘는다는 요즘 아이돌판 상황,https://www.youtube.com/shorts/U9Dh6n8pbNo,2025-06-12,38963,28,#shorts #아이돌 #하츠투하츠 #경호 #콘서트 #티켓 #하이브
혼자서 '새로운 컨셉' 가져온 카리나,https://www.youtube.com/shorts/8QmbysF9LYI,2025-05-22,38295,26,#shorts #카리나 #KARINA #aespa #KARINAINMLB #MLBKOREA  #에스파 #코디 #아이돌
대형 기획사가 연습생 납치하는 방법,https://www.youtube.com/shorts/aLgXUBYezTs,2025-05-10,37654,37,#shorts #라이즈 #원빈 #엑소 #exo #sm #시온 #nct #nctwish #엔위시
보기 힘들다는 요즘 아이돌 가사 특징,https://www.youtube.com/shorts/hZqRHgbSZc4,2025-08-02,37032,30,#shorts #아이돌 #이펙스 #눈물나게고마워 #EPEX
'차트엔 없는데' 음방에선 3관왕 한 노래?,https://www.youtube.com/shorts/8ykiorHlFZI,2026-02-11,36286,25,"오늘 영상은 아이들에 대해 다뤄보았습니다.  단순 전달을 넘어 제작자가 직접 느낀 차트 및 역주행에 관해 중점적으로 구성했습니다.  #아이들 #mono #우기 #전소연 #슈화 #민니 #미연  본 영상은 공신력 있는 언론 및 공식 매체의 보도 내용을 기반으로, 제작자의 독창적인 큐레이션과 대중문화적 관점의 분석을 더해 재구성한 정보성 콘텐츠입니다."
에스파 신곡보다 더 대박났다는 '이것',https://www.youtube.com/shorts/etUw4sn55XI,2025-09-19,36138,21,#shorts #에스파 #aespa #윈터 #닝닝 #카리나 #지젤 #아이돌 #여자아이돌 #richman
보기만해도 아찔한 아이돌 사고 순간들,https://www.youtube.com/shorts/7atSyDGcZWY,2025-04-28,36005,29,#아이돌 #사고 #공연 #콘서트 #shorts
박보검이 쉬는 날 촬영장에 간 이유,https://www.youtube.com/shorts/6b3CZshPwx4,2025-03-20,35856,30,#박보검 #아이유 #폭싹속았수다 #청춘기록 #드라마 #shorts #배우 #아이돌
명품 대신 '가성비' 택한 여자 아이돌,https://www.youtube.com/shorts/5M3H2oJ8uX8,2025-06-27,35548,33,#shorts #아이돌 #프로미스나인 #백지헌 #이채영 #가성비 #유니스 #가방
"장원영, 카리나의 '쉬는 날 공통점'",https://www.youtube.com/shorts/x5lMWi-t5vE,2026-01-08,34770,22,#shorts #남자아이돌 #여자아이돌 #아이돌 #아이브 #장원영 #에스파 #카리나
아이돌도 당한다는 신종 사기수법,https://www.youtube.com/shorts/tGaqK9rWAOY,2025-05-29,34499,36,#shorts #아이돌 #빅스 #레오 #중고거래 #중고나라 #번개장터 #사기 #범죄
"How idols take care of their skin for 10,000 won",https://www.youtube.com/shorts/ckJDxLUuDhI,2026-03-13,33834,36,#프로미스나인 #이재 #윈터 #에스파 #아이돌 #피부
찰리푸스 인스타에 올라온 BTS 컴백 예고?,https://www.youtube.com/shorts/vNwIEp7GHIM,2026-02-23,32994,25,"#bts #아리랑 #방탄소년단 #컴백 #whatisyourlovesong  오늘 영상은 bts의 컴백에 대해 다뤄보았습니다.  단순 전달을 넘어 제작자가 직접 느낀 bts의 글로벌 입지와 인지도를 중점적으로 구성했습니다.  본 영상은 공신력 있는 언론 및 공식 매체의 보도 내용을 기반으로, 제작자의 독창적인 큐레이션과 대중문화적 관점의 분석을 더해 재구성한 정보성 콘텐츠입니다."
What happens when a mid-sized idol's looks are 'SM-level',https://www.youtube.com/shorts/z-I-8afXAYk,2026-03-21,32881,23,#아이돌 #앳하트 #나현 #SM #비주얼 #센터
Jang Won-young has been enjoying mouth-watering food for years.,https://www.youtube.com/shorts/4PscoT6oxUU,2026-03-06,32729,36,"#장원영 #두바이 #두쫀쿠 #피스타치오 #아이브  오늘 영상은 장원영이 좋아하는 음식에 대해 다뤄보았습니다.  단순 전달을 넘어 제작자가 직접 느낀 장원영의 입맛, 두바이 다음에 올 유행을 중점적으로 구성했습니다.  본 영상은 공신력 있는 언론 및 공식 매체의 보도 내용을 기반으로, 제작자의 독창적인 큐레이션과 대중문화적 관점의 분석을 더해 재구성한 정보성 콘텐츠입니다."
전소미가 1년이나 공백기를 가진 이유,https://www.youtube.com/shorts/Pzh_Aesrl9M,2025-08-14,32724,37,#shorts #아이돌 #전소미 #공백기 #소미 #글맆
상상도 못 할 타투를 한 '에스파 멤버'?,https://www.youtube.com/shorts/mQQF7C6za5E,2025-05-17,32700,32,#에스파 #닝닝 #지젤 #윈터 #타투 #아이돌 #shorts #문신 #카리나
지드래곤이 좌절을 극복하는 방법,https://www.youtube.com/shorts/qiy9McmCJ00,2025-04-09,32444,28,#GD #지드래곤 #좌절 #아이돌 #shorts #지디 #남자아이돌 #빅뱅
오해원이 거짓 정보를 해명 못 한 이유,https://www.youtube.com/shorts/26Kb7DrSxRw,2025-03-30,32353,38,#엔믹스 #NMIXX #오해원 #shorts #아이돌 #여자아이돌 #jyp
일반인은 모르는 연예인이 '직접 만든' 브랜드,https://www.youtube.com/shorts/x_Flndf9i_E,2025-08-08,32210,29,#shorts #아비에무아 #강민경 #성해은 #피스마이너스원 #하이볼 #지드래곤 #GD #지드래곤
What happens when an idol suddenly becomes popular,https://www.youtube.com/shorts/tUu0xhAuGCU,2026-04-03,32107,31,#아이돌 #클유아 #클로즈유어아이즈 #closeyoureyes
이사배가 찐으로 추천한 '올리브영 관리템',https://www.youtube.com/shorts/gchcJ7MzQBQ,2025-11-05,32008,27,#shorts #이사배 #아이돌 #올리브영 #화장품 #저스트메이크업
에스파 메이크업쌤이 밝힌 '무대 위 화장품',https://www.youtube.com/shorts/ucOPl4_CB8g,2025-08-01,31811,28,#shorts #에스파 #닝닝 #지젤 #카리나 #윈터 #아이돌
아이돌이 유행시킨 '충격적인 패션들',https://www.youtube.com/shorts/DCyNrRIzKgQ,2025-05-19,31065,26,#shorts #패션 #유행 #아이돌 #윈터 #키스오브라이프 #나띠 #코디 #에스파
과거 아이돌들이 '예능을 무서워한 이유',https://www.youtube.com/shorts/zq1k9FLbt3k,2026-03-04,30817,22,"#아이돌 #예능 #촬영 #2세대 #동방신기 #빅뱅  오늘 영상은 과거 아이돌의 예능촬영에 대해 다뤄보았습니다.  단순 전달을 넘어 제작자가 직접 느낀 최근과 다른 촬영 방법을 중점적으로 구성했습니다.  본 영상은 공신력 있는 언론 및 공식 매체의 보도 내용을 기반으로, 제작자의 독창적인 큐레이션과 대중문화적 관점의 분석을 더해 재구성한 정보성 콘텐츠입니다."
남자 아이돌이 팬 없을 때 하는 행동,https://www.youtube.com/shorts/cFyIs-yEB80,2025-11-20,30340,27,#shorts #아이돌 #투어스 #tws #화보 #팬싸
일반인은 잘 모르는 '컨셉 장인 여돌',https://www.youtube.com/shorts/YP3mq2DUXYo,2025-08-05,29806,34,#shorts #컨셉 #최예나 #네모네모 #아이돌 #착하다는말이제일싫어 #아이돌 #여자아이돌
JYP밴드가 '고인물 밴드' 만나면 생기는 일,https://www.youtube.com/shorts/tv79Wo3J194,2025-09-24,29665,42,#shorts #엑디즈 #고인물 #jyp #아이돌 #밴드 #윤도현 #yb
어딘가 기괴한 아이돌 홍보방법,https://www.youtube.com/shorts/w2ELLgVyUWA,2025-04-23,29535,28,#shortsviral  #skz #스트레이키즈 #홍보 #아이돌 #필릭스 #nct #nctwish #엔위시
Why a rookie girl group made teenage fans cry?,https://www.youtube.com/shorts/qCSLAGhu_qQ,2026-04-02,29221,31,#베돈크 #베이비돈크라이 #babydontcry #아이돌 #걸그룹
연예인급 인플루언서들이 갑자기 '예뻐진 비법',https://www.youtube.com/shorts/GvShVB6Syn4,2025-08-05,28983,36,#shorts #아이돌 #연예인 #환승연애 #성해은 #하트페어링 #이제연 #윤하정 #솔로지옥
좋아요 3천만개 받은 남자의 정체,https://www.youtube.com/shorts/x71zvaz36R0,2025-04-27,28937,31,#AD #모델 #shorts #패션 #뷰티 #아이돌 #배우 #엠제이드 #서핑 #운동 #헬스
에스파 닝닝의 '다이어트 후 체형 변화',https://www.youtube.com/shorts/Qyqq_YX7rj8,2026-02-13,28832,24,"#shorts  #에스파 #닝닝 #아이돌 #aespa #다이어트  오늘 영상은 아이돌의 체형 변화에 다뤄보았습니다.  단순 전달을 넘어 제작자가 직접 느낀 여자 아이돌들의 다이어트 후 옷 핏에 대해 중점적으로 구성했습니다.  본 영상은 공신력 있는 언론 및 공식 매체의 보도 내용을 기반으로, 제작자의 독창적인 큐레이션과 대중문화적 관점의 분석을 더해 재구성한 정보성 콘텐츠입니다."
아이돌이 방송에서 직접 알려준 제품들,https://www.youtube.com/shorts/4ii1tB2C3vg,2026-03-02,28520,39,"#아이돌 #엔시티위시 #설윤 #아일릿 #원희 #올리브영  오늘 영상은 아이돌의 애장템에 대해 다뤄보았습니다.  단순 전달을 넘어 제작자가 직접 느낀 온라인 라이브 방송에서 직접 소개한 제품들을 중점적으로 구성했습니다  본 영상은 공신력 있는 언론 및 공식 매체의 보도 내용을 기반으로, 제작자의 독창적인 큐레이션과 대중문화적 관점의 분석을 더해 재구성한 정보성 콘텐츠입니다."
The Japanese member is said to be best at ‘this’,https://www.youtube.com/shorts/xIjOv02fEe4,2026-04-03,28510,25,#아이브 #레이 #IVE #일본인 #아이돌 #걸그룹
겨울 코디도 다른 '카리나vs장원영',https://www.youtube.com/shorts/KoOu24Qr2gs,2025-10-24,27812,26,#shorts #아이돌 #에스파 #카리나 #아이브 #장원영 #코디 #헤메코 #패딩 #aespa #ive
특이점이 온 요즘 연예인 조공 도시락,https://www.youtube.com/shorts/CEDNCXPXXVs,2025-03-23,27334,33,#shorts #조공 #송가인 #아이돌 #선물 #연예인 #역조공 #임영웅
각 씨게 잡고 컴백하는 라이즈 근황,https://www.youtube.com/shorts/lKkm0RZ1FrI,2025-05-17,27221,43,#라이즈 #원빈 #소희 #앤톤 #쇼타로 #은석 #성찬 #아이돌 #shorts #odyssey #잉걸 #flyup #bbb
역대급 금액인 칸 영화제 '아이돌 패션들',https://www.youtube.com/shorts/eDp89n1xTyY,2025-06-06,26463,29,#shorts #에스파 #카리나 #칸 #영화 #아이돌 #로제 #아이유 #제니 #엠제이드
아이돌이 '특유의 분위기' 만드는 방법,https://www.youtube.com/shorts/rz2ioqS2ImA,2026-02-21,25924,23,"#프로미스나인 #이채영 #백지헌 #엠제이드 #아이돌 #레이 #아이브 #올데프 #애니  오늘 영상은 아이돌의 분위기에 대해 다뤄보았습니다.  단순 전달을 넘어 제작자가 직접 느낀 각자의 분위기 조성법을 중점적으로 구성했습니다.  본 영상은 공신력 있는 언론 및 공식 매체의 보도 내용을 기반으로, 제작자의 독창적인 큐레이션과 대중문화적 관점의 분석을 더해 재구성한 정보성 콘텐츠입니다."
The CG that is trending in idol music videos these days,https://www.youtube.com/shorts/ehU4ek2yPLM,2026-03-13,24430,27,#아이돌 #CG #MV #뮤직비디오 #베돈크 #베이비돈크라이
미국 토크쇼에서 '생라이브 무대한 에스파',https://www.youtube.com/shorts/nHheC41o0g0,2025-09-29,23752,41,#shorts #에스파 #aespa #아이돌 #여자아이돌 #걸그룹 #윈터 #닝닝 #지젤 #카리나 #라이브
'피네이션과 더블랙'이 만나면 생기는 일,https://www.youtube.com/shorts/CbTEbnpOG3E,2025-11-21,22536,34,#shorts #피네이션 #싸이 #베돈크 #베이비돈크라이 #idoncare #babydontcry #아이돌
'Dayoung's Music Video Masterpiece' That Was Filmed for Free,https://www.youtube.com/shorts/op2tE_-O380,2026-04-21,22354,21,#다영 #아이돌 #뮤비 #MV #뮤직비디오 #왓걸이
The 'Unexpected Impact' of a Single Word from an Idol,https://www.youtube.com/shorts/e9he24luA4M,2026-02-27,22266,29,"#아이돌 #제니 #이사배 #케이팝데몬헌터스   오늘 영상은 아이돌의 파급력에 대해 다뤄보았습니다.  단순 전달을 넘어 제작자가 직접 느낀 말의 중요성과 그로 인한 사태를 중점적으로 구성했습니다.  본 영상은 공신력 있는 언론 및 공식 매체의 보도 내용을 기반으로, 제작자의 독창적인 큐레이션과 대중문화적 관점의 분석을 더해 재구성한 정보성 콘텐츠입니다."
추구미가 꾸안꾸인 여자 아이돌의 메이크업,https://www.youtube.com/shorts/8J78d4syFl8,2025-07-29,22076,25,#shorts #추구미 #꾸안꾸 #태연 #노지선 #프로미스나인 #최유정
The reason why Love Producers look like celebrities,https://www.youtube.com/shorts/4zHJw_05hA4,2026-04-01,19222,38,#아이돌 #연프 #환승연애 #솔로지옥 #다이어트 #인플루언서 #곽민경 #박지현
The 'unexpected body part' that idols take care of,https://www.youtube.com/shorts/c33NbzlAhws,2026-03-11,18009,38,#아이돌 #부위 #제니 #김재중 #안소희 #블랙핑크
데뷔하고 추구미가 달라진 여자 아이돌,https://www.youtube.com/shorts/olLoQSDm0fo,2025-05-23,17655,37,#shorts #아이돌 #여자아이돌 #코디 #르세라핌 #김채원 #제니 #장원영 #엠제이드 #에스파 #라이즈
The part idols are 'obsessed with' more than their faces?,https://www.youtube.com/shorts/QEF_aPRNcHM,2026-03-20,17345,28,#아이돌 #얼굴 #메이크업 #피부관리 #피부 #나연 #트와이스 #조이
텐션 넘치는 댄서한테 광고 맡기면 생기는 일,https://www.youtube.com/shorts/AwdLFGoCBK0,2025-10-02,17239,39,#광고 #비욘드 #피부 #카니 #샤이니 #안무 #댄서 #shorts #아이돌
SM에 투자자가 오면 하는 행동들,https://www.youtube.com/shorts/DNNxoBIfwPE,2025-03-17,17180,39,#투자자 #김준수 #시아준수 #동방신기 #shorts #김재중 #연습생 #아이돌 #남자아이돌
라이브만 하면 꼭 화제되는 여자 아이돌,https://www.youtube.com/shorts/WLj7dQzRKZM,2025-11-25,16285,38,#shorts #idle #아이들 #미연 #세이마이네임 #saymyname
'Male idols' that JYP deliberately created,https://www.youtube.com/shorts/-wMtG9dKYIs,2026-03-30,15289,40,#남돌 #남자아이돌 #jyp #아이돌 #박진영 #스키즈 #2pm #데이식스 #킥플립
‘This’ that top-tier idols unconditionally do,https://www.youtube.com/shorts/KUZVCAIdSx0,2026-03-21,13775,36,#에스파 #있지 #팝업스토어 #MLB #베몬 #베이비몬스터
아이돌 실물 춤 느낌 체감해보기,https://www.youtube.com/shorts/OK915kk_-sI,2025-03-11,13218,35,#나띠 #NJZ #뉴진스 #하니 #키스오브라이프 #키오프 #kissoflife #newjeans #아이돌 #춤 #댄서
아이돌이 말실수하면 벌어지는 일,https://www.youtube.com/shorts/L9tqT1CwHqc,2025-03-04,11699,37,#트와이스 #사나 #엔믹스 #설윤 #NMIXX #채영 #더보이즈 #theboys #현재 #에릭
K-뷰티에 제대로 혼난 '외국 연예인들',https://www.youtube.com/shorts/mYX-d4PiSww,2025-09-30,10519,36,#shorts #아이돌 #킴카다시안 #카디비 #연예인 #메이크업
'Reverse Gift Items' Causing a Stir Among Fans,https://www.youtube.com/shorts/TB2s0K0vqxg,2026-04-07,3564,35,#역조공 #아이돌 #에스파 #NCT #nctwish  #엔위시 #장원영 #IVE
